code,name,academic_units
AAA08B,FASHION & DESIGN: WEARABLE ART AS A SECOND SKIN,3
AAA08C,EXPRESSIVE DRAWING: DEVELOPING PERSONAL APPROACH & STYLE,3
AAA08D,ABSTRACT PAINTING: WHY IT'S HERE & HOW IT'S MADE,3
AAA18D,LIFE DRAWING,3
AAA18E,DRAWING,3
AAA18H,PAINTING WITH OIL & ACRYLIC,3
AAA18J,PAINTING WITH WATERCOLOUR,3
AAA18K,COMMUNICATION DESIGN,3
AAA18L,SILKSCREEN PRINTING,3
AAA18M,BATIK,3
AAA18Q,PRINTMAKING,3
AAA18R,SCULPTURE,3
AAA28C,DIGITAL MEDIA & VISUAL ARTS: STILL IMAGING,3
AAA28E,VISUAL ARTS IN ASIA,3
AAA28J,DIGITAL MEDIA & VISUAL ARTS:MOVING IMAGE,3
AAA28R,CERAMICS I,3
AAA28S,CERAMICS II,3
AAB20D,ECOLOGY,3
AAC18A,CHINESE CALLIGRAPHY,3
AAD08A,MALAY IN CONTEXT,3
AAE18B,LANGUAGE IN CONTEXT,3
AAE18C,EXPLORING THE GRAMMAR OF ENGLISH,3
AAE18D,EXPLORING THE WORDS & SOUNDS OF ENGLISH,3
AAE18E,INTRODUCTION TO LINGUISTICS,3
AAE28B,INTRODUCTION TO CHILDREN'S LITERATURE,3
AAE28C,THE SOCIAL VARIATION OF LANGUAGE,3
AAE28E,THE ROLE OF LANGUAGE IN EDUCATION,3
AAF08A,MALAY PERFORMING ARTS,3
AAF08B,APPRECIATING MULTICULTURALISM THROUGH STORY,3
AAG28C,UNDERSTANDING TOURISM,3
AAG28E,INTRODUCTION TO GEOGRAPHICAL INFORMATION SYSTEMS,3
AAG28H,URBAN GEOGRAPHY,3
AAG38A,CITIES OF THE WORLD,3
AAI08A,PIANO ENSEMBLE,3
AAI08B,SINGING WITH FREEDOM,3
AAI08C,POPULAR MUSIC ARRANGEMENT WITH TECHNOLOGY,3
AAI16A,FOUNDATIONS IN MUSIC STUDIES I,3
AAI16B,BAROQUE & CLASSICAL MUSICAL PRACTICES,3
AAI16C,ROMANTIC & 20TH CENTURY MUSICAL PRACTICES,3
AAI16E,WORLD MUSICS IN EDUCATION,3
AAI16G,COMPOSING & ARRANGING,3
AAI16H,AURAL SKILLS FOR THE 21ST CENTURY MUSICIAN,3
AAI16K,ETHNOMUSICOLOGY IN THE SINGAPORE CONTEXT,3
AAI26A,FOUNDATIONS IN MUSIC STUDIES II,3
AAI26B,MUSIC THEORY FOR DIVERSE SONIC WORLDS II,3
AAI28C,PERCUSSION,3
AAI28D,STUDIES IN INDONESIAN GAMELAN I,3
AAI38C,CLASSICAL GUITAR I,3
AAI38D,CHOIR I,3
AAI38E,CHOIR II,3
AAI38J,BAND I,3
AAI38K,BAND II,3
AAI38Q,VOICE,3
AAI38R,CONDUCTING,3
AAI48A,STUDIES IN CHINESE MUSIC,3
AAI48B,STUDIES IN MALAY MUSIC,3
AAI48D,CHOIR III,3
AAI48E,CHOIR IV,3
AAI48G,STUDIES IN POP AND JAZZ,3
AAI48J,BAND III,3
AAI48K,BAND IV,3
AAL18A,GLOBALISATION: AN INTRODUCTION,3
AAL28A,SINGAPORE STUDIES,3
AAL28E,IDENTITIES IN A DIVERSE WORLD,3
AAM18A,MATHEMATICS AROUND US,3
AAQ10A,PRINCIPLES OF NUTRITION,3
AAQ20E,APPLIED NUTRITION,3
AAR08A,LITERATURES OF SOUTHEAST ASIA,3
AAT08A,TAMIL DIASPORA SOCIAL LIFE & LANGUAGE USE,3
AAU08A,THEATRE GAMES: ENGAGEMENT THROUGH PLAY,3
AAU28A,DRAMA AS ENGAGED & COLLABORATIVE LEARNING,3
AAU28C,TWENTY-FIRST CENTURY LEARNING THROUGH THEATRE & DRAMA,3
AB0301,LEGAL & ETHICAL ISSUES IN SUSTAINABILITY,3
AB0403,DECISION MAKING WITH PROGRAMMING & ANALYTICS,3
AB0602,COMMUNICATION MANAGEMENT STRATEGIES,4
AB0603,SOCIAL ENTREPRENEURSHIP,3
AB1201,FINANCIAL MANAGEMENT,3
AB1202,STATISTICS & ANALYSIS,3
AB1301,BUSINESS LAW,3
AB1403,INTERMEDIATE EXCEL,1
AB1501,MARKETING,3
AB1601,ORGANISATIONAL BEHAVIOUR & DESIGN,3
AB2008,CAREERS FUTURE FORWARD,1
AB3601,STRATEGIC MANAGEMENT,4
AB3602,STRATEGIC MANAGEMENT,3
AB5101,BUSINESS VALUATION: FROM THEORY TO PRACTICE,3
AB5102,FORENSIC ACCOUNTING & FRAUD INVESTIGATION,3
AB5103,ACCOUNTING & AUDIT ANALYTICS,3
AB5601,NEGOTIATE TO GET WHAT YOU WANT: STRATEGY & PRACTICE,4
AB5602,LEADERSHIP IN ORGANISATIONS,4
AC1103,ACCOUNTING I,4
AC1104,ACCOUNTING II,4
AC2101,ACCOUNTING RECOGNITION & MEASUREMENT,4
AC2104,ASSURANCE & AUDITING,4
AC2105,ACCOUNTING FOR DECISION MAKING & CONTROL,4
AC2301,PRINCIPLES OF TAXATION,4
AC2302,COMPANY LAW & CORPORATE GOVERNANCE,4
AC2401,ACCOUNTING INFORMATION SYSTEMS,4
AC3102,RISK REPORTING & ANALYSIS,4
AC3103,ACCOUNTING ANALYSIS & VALUATION,4
AC3104,ENTERPRISE RISK MANAGEMENT & SUSTAINABILITY,4
AC3105,SUSTAINABILITY REPORTING,3
AC3106,SUSTAINABILITY ASSURANCE,3
AC3107,BUSINESS STUDY MISSION,2
AD1101,FINANCIAL ACCOUNTING,4
AD1102,FINANCIAL ACCOUNTING,3
AD2101,MANAGEMENT ACCOUNTING,4
AD2102,MANAGERIAL ACCOUNTING,3
ADP16A,INTRODUCTION TO THEATRE  & PERFORMANCE,3
ADP26A,CONTEMPORARY THEATRE: STYLES & CONVENTIONS,3
ADP26B,THEATRE FOR YOUNG PEOPLE: METHODS & PRACTICES,3
ADP26C,ACTING: THE ACTOR'S VOICE &  BODY,3
ADP26H,DRAMATURGY & DIRECTING,3
ADP26J,TRADITIONAL THEATRE: STYLES & CONVENTIONS,3
ADP26K,CONTEMPORARY THEATRE IN SINGAPORE & SOUTHEAST ASIA,3
ADP26L,DEVISING THEATRE: METHODS & PRACTICES,3
AED06A,SPECIAL NEEDS EDUCATION & INCLUSION,3
AED06B,DISABILITIES & DISORDERS,3
AED06C,TEACHING STRATEGIES FOR INCLUSIVE EDUCATION,3
AED06D,ASSESSMENT OF SPECIAL NEEDS,3
AED06E,CONSULTATION & COLLABORATION WITH FAMILIES,3
AED08C,THINKING DEEP IN EDUCATION,3
AED08D,DIGITAL LITERACY FOR THE NET GENERATION,3
AED10A,EDUCATIONAL PSY I:THEORIES & APPL FOR LEARNING & TEACHING,2
AED16A,PRACTICES & ISSUES IN EARLY CHILDHOOD EDUCATION,3
AED16B,CURRICULUM & ASSESSMENT IN EARLY CHILDHOOD EDUCATION,3
AED16C,LEARNING ENVIRONMENTS FOR YOUNG CHILDREN,3
AED16D,CHILD DEVELOPMENT IN EARLY CHILDHOOD EDUCATION,3
AED16E,DIVERSITY IN EARLY CHILDHOOD EDUCATION,3
AED18A,CURRICULUM DESIGN,3
AED23C,CRITICAL REASONING SKILLS FOR EFFECTIVE TEACHING,2
AED28B,CRITICAL PERSPECTIVES ON EDUCATION,3
AED28D,BASIC COUNSELLING SKILLS FOR TEACHERS IN INITIAL TRG PROGRAM,3
AED28Q,GROUP COUNSELLING & GROUP WORK IN SCHOOLS,3
AED28R,DEVELOPMENTAL ISSUES IN CHILDHOOD & ADOLESCENCE,3
AED38A,MOTIVATING PUPILS TO LEARN,3
AED38B,FACILITATING ASYNCHRONOUS ONLINE DISCUSSION,3
AED38C,DESIGNING ICT-BASED CONSTRUCTIVIST ACTIVITIES,2
AED38E,PSYCHOPATHOLOGY IN YOUTHS,3
AED38G,SPECIAL TOPICS IN YOUTH WORK & GUIDANCE,3
AGE06A,BRAIN LITERACY FOR EDUCATORS,3
AGE06B,APPLICATIONS OF EDUCATIONAL NEUROSCIENCE,3
AGE06C,SOCIO-EMOTIONAL DEVELOPMENT: A NEUROSCIENCE PERSPECTIVE,3
AGE06D,NEURODIVERSITY & THE LEARNING EXPERIENCE,3
AGE06E,COMPUTATIONAL THINKING & AI IN LEARNING,3
AGE08D,DESIGNING LEARNING ENVIRONMENTS WITH THE INTERNET OF THINGS,3
AGE08H,MARINE ENVIRONMENTAL STUDIES,3
AGE18A,PHYSICS OF GEMSTONES,3
AGE18N,INTEGRATED STEM CURRICULUM,3
AGE18Q,"GENDER ISSUES IN SCIENCE, TECHNOLOGY, ENGINEERING & MATH",3
AGE18R,FOUNDATIONS TO STEM EDUCATION,3
AGE18S,EMERGING TECHNOLOGIES IN STEM & STEM EDUCATION,3
AGE18T,RESEARCH PERSPECTIVES IN STEM EDUCATION,3
AGQ28C,FOOD & SOCIETY,3
AGT08B,TAMIL CULTURE THROUGH FOOD & FESTIVALS,3
AL1001,ENHANCED CAREER FOUNDATION,2
AL1301,BUSINESS ETHICS,3
AL1601,COMMUNICATION MANAGEMENT FUNDAMENTALS,3
BA2201,ACTUARIAL ECONOMICS,4
BA2202,MATHEMATICS OF FINANCE,4
BA2203,STATISTICAL MODELLING,4
BA2204,MODELS,4
BA3201,LIFE CONTINGENCIES & DEMOGRAPHY,4
BA3202,ACTUARIAL STATISTICS,4
BA3203,ACTUARIAL ASPECTS OF ASSET VALUATION,4
BA3205,ACTUARIAL COMPUTING,4
BC2402,DESIGNING & DEVELOPING DATABASES,4
BC2406,ANALYTICS I: VISUAL & PREDICTIVE TECHNIQUES,4
BC2407,ANALYTICS II: ADVANCED PREDICTIVE TECHNIQUES,4
BC2408,SUPPLY CHAIN ANALYTICS,4
BC2409,SUPPLY CHAIN ANALYTICS,3
BC2410,PRESCRIPTIVE ANALYTICS WITH GENERATIVE AI,4
BC2411,PRESCRIPTIVE ANALYTICS WITH GENERATIVE AI,3
BC3402,FINANCIAL SERVICE PROCESSES & ANALYTICS,4
BC3405,LEAN OPERATIONS & ANALYTICS,4
BC3406,BUSINESS ANALYTICS CONSULTING,4
BC3407,PROGRAMMING FOR BUSINESS TRANSFORMATION,4
BC3409,AI IN ACCOUNTING & FINANCE,4
BC3410,FINANCIAL SERVICE PROCESSES & ANALYTICS,3
BC3411,LEAN OPERATIONS & ANALYTICS,3
BC3412,BUSINESS ANALYTICS CONSULTING,3
BC3413,PROGRAMMING FOR BUSINESS TRANSFORMATION,3
BC3415,AI IN ACCOUNTING & FINANCE,3
BE1401,BUSINESS OPERATIONS & PROCESS,4
BE1402,BUSINESS OPERATIONS & PROCESS,3
BE2501,INTERNATIONAL BUSINESS ENVIRONMENT,4
BE2601,"MANAGEMENT PRINCIPLES, SKILLS & COMPETENCIES",4
BE2602,"MANAGEMENT PRINCIPLES, SKILLS & COMPETENCIES",3
BF2100,ETHICS IN THE INVESTMENT PROFESSION,1
BF2201,INVESTMENTS,4
BF2206,WEALTH MANAGEMENT,4
BF2209,DERIVATIVE SECURITIES,4
BF2213,INTRODUCTION TO COMPLIANCE,4
BF2214,FINTECH IN INVESTMENT MANAGEMENT,4
BF2216,TRADE INCOTERMS & SHIP CHARTERING,4
BF2218,COMMODITY MARKETS,4
BF2219,INVESTMENTS,3
BF2220,WEALTH MANAGEMENT,3
BF2221,DERIVATIVE SECURITIES & HEDGING STRATEGIES,3
BF2222,INTRODUCTION TO COMPLIANCE,3
BF2223,FINTECH IN INVESTMENT MANAGEMENT,3
BF2225,RELATIONSHIP MANAGEMENT,3
BF2226,TRADE INCOTERMS & SHIP CHARTERING,3
BF2227,COMMODITY MARKETS,3
BF2228,SUSTAINABLE FINANCE,3
BF2229,GLOBAL FINANCIAL MARKETS & INSTITUTIONS,3
BF2302,INTERNATIONAL TAX & TRADING LAW,2
BF3121,IMPACT INVESTING,3
BF3122,CARBON MARKETS & PRICING FUNDAMENTALS,3
BF3201,CORPORATE FINANCE & STRATEGY,4
BF3202,FIXED INCOME SECURITIES,4
BF3203,EQUITY SECURITIES,4
BF3204,FINANCIAL MODELLING,4
BF3207,ALTERNATIVE INVESTMENTS,4
BF3212,"TRADE, STRUCTURED & SUPPLY CHAIN FINANCE",2
BF3213,ENTERPRISE RISK MANAGEMENT IN COMMODITY MARKETS,2
BF3214,COMMODITIES TRADING,2
BF3215,CORPORATE FINANCE & STRATEGY,3
BF3216,FIXED INCOME SECURITIES,3
BF3217,EQUITY VALUATION,3
BF3218,FINANCIAL MODELLING,3
BF3219,ALTERNATIVE INVESTMENTS,3
BF3220,PORTFOLIO MANAGEMENT & ANALYSIS,3
BF3222,BLOCKCHAIN & AI IN FINANCE,4
BF3223,BLOCKCHAIN & AI IN FINANCE,3
BF3224,EQUITY INVESTING WITH BIG DATA,4
BF3226,STRATEGIC MANAGEMENT IN COMMODITY MARKET,2
BF3228,EQUITY INVESTING WITH BIG DATA,3
BG1141,CELLULAR & MOLECULAR BIOLOGY FOR BIOENGINEERS,3
BG1801,BIOENGINEERING LAB 1A,1
BG1802,BIOENGINEERING LAB 1B,1
BG2103,BIOSIGNAL PROCESSING,3
BG2104,ELECTRONICS FOR BIOMEDICAL ENGINEERS,3
BG2110,BIOELECTRICITY,3
BG2119,ANATOMY & PHYSIOLOGY,3
BG2131,BIOMATERIALS,3
BG2142,BIOLOGICAL THERMODYNAMICS,3
BG2209,MECHANICS FOR BIOENGINEERS,3
BG2211,INTRODUCTION TO COMPUTATIONAL THINKING,3
BG2801,BIOENGINEERING LAB 2A,1
BG2802,BIOENGINEERING LAB 2B,1
BG3102,CONTROL IN BIOSYSTEMS,3
BG3104,BIOMEDICAL IMAGING,3
BG3105,BIOMEDICAL INSTRUMENTATION,3
BG3112,CARDIOVASCULAR ENGINEERING,3
BG3801,BIOENGINEERING LAB 3,1
BG4102,MEDICAL DEVICE DESIGN,4
BG4103,BIOMEDICAL PROJECT DESIGN &  MANAGEMENT,4
BG4104,MACHINE LEARNING & OPTIMISATION FOR BIOENGINEERS,3
BG4122,MEDICAL DEVICE DESIGN,6
BG4211,CNYSP OVERSEAS FINAL YEAR PROJECT,8
BG4215,BIOMEDICAL NANOTECHNOLOGY,3
BG4231,ADVANCED BIOMATERIALS,3
BG4309,DRUG DELIVERY & TISSUE ENGINEERING,3
BG4313,GLOBAL MEDICAL DEVICE REGULATORY OVERVIEW,3
BG4341,FUNDAMENTALS OF INTELLECTUAL PROPERTY IN BIOMEDICAL ENGINEER,3
BH2601,STRATEGIC HR MANAGEMENT & CONSULTING,4
BH2602,TOTAL REWARDS MANAGEMENT,4
BH2603,TALENT SOURCING & ACQUISITION,4
BH2604,MANAGING & CONSULTING THROUGH RESEARCH,4
BH2605,STRATEGIC HUMAN RESOURCE MANAGEMENT & CONSULTING,3
BH2606,TOTAL REWARDS MANAGEMENT,3
BH2607,TALENT SOURCING & ACQUISITION,3
BH2608,MANAGING & CONSULTING THROUGH RESEARCH,3
BH3301,EMPLOYMENT LAW,4
BH3302,EMPLOYMENT LAW,3
BH3601,TALENT DEVELOPMENT & MANAGEMENT,4
BH3602,"HR TECHNOLOGY, METRICS & PERFORMANCE MANAGEMENT",4
BH3603,CULTURAL INTELLIGENCE AT WORK,4
BH3604,MANAGING ORGANIZATIONAL CHANGE,4
BH3605,TALENT DEVELOPMENT & MANAGEMENT,3
BH3606,HR ANALYTICS,3
BL5302,LAW OF INTELLECTUAL PROPERTY & NEW MEDIA,4
BL5305,ADVANCED TAXATION,4
BM2501,MARKET BEHAVIOUR,4
BM2502,MARKETING INTELLIGENCE: AI & DATA-DRIVEN INSIGHTS,4
BM2504,INTEGRATED MARKETING COMMUNICATIONS,4
BM2505,CHANNEL VALUE CREATION,4
BM2506,DIGITAL MARKETING:CONNECTING WITH CUSTOMERS IN TODAY'S WORLD,4
BM2507,MARKETING ANALYTICS,4
BM2508,MODERN TECHNOLOGIES IN MARKETING,4
BM2509,CONSUMER INSIGHTS,3
BM2510,MARKETING INTELLIGENCE: AI & DATA-DRIVEN INSIGHTS,3
BM2512,INTEGRATED MARKETING COMMUNICATIONS,3
BM2513,CHANNEL VALUE CREATION,3
BM2514,DIGITAL MARKETING,3
BM2515,MARKETING ANALYTICS,3
BM2516,MODERN TECHNOLOGIES IN MARKETING,3
BM2517,MARKETING SUSTAINABILITY FOR THE NEXT GENERATION,3
BM2518,TECH-POWERED MARKETING STRATEGIES FOR FMCG BRANDS,3
BM3501,MARKETING STRATEGY,4
BM3506,STRATEGIC BRAND MANAGEMENT,4
BM3508,MARKETING STRATEGY,3
BM3509,STRATEGIC BRAND MANAGEMENT,3
BR2207,QUANTITATIVE ANALYSIS,3
BR2208,FOUNDATION OF RISK MANAGEMENT,3
BR2210,FINANCIAL RISK MANAGEMENT,3
BR2211,FINANCIAL & RISK ANALYTICS I,3
BR3208,OPERATIONAL RISK MANAGEMENT,4
BR3211,OPERATIONAL RISK & RESILIENCY,3
BR3212,COMPUTING SOLUTIONS FOR RISK MANAGEMENT & INSURANCE,3
BR3213,VALUATION & RISK MODELS,3
BR3214,FINANCIAL & RISK ANALYTICS II,3
BR3229,CLIMATE RISK ANALYTICS,3
BS0004,INTRODUCTION TO DATA SCIENCE,3
BS1001,INTRODUCTORY BIOLOGY,3
BS1005,BIOCHEMISTRY I,3
BS1006,PRINCIPLES OF GENETICS,3
BS1007,MOLECULAR & CELL BIOLOGY I,3
BS1008,BIOSTATISTICS,3
BS1009,INTRODUCTION TO COMPUTATIONAL THINKING,3
BS1012,FOUNDATIONS OF CHEMISTRY I,3
BS1013,FOUNDATIONS OF CHEMISTRY II,3
BS1016,PHYSIOLOGY,3
BS1022,LABORATORY FOR FOUNDATIONS OF CHEMISTRY I,1
BS1033,LABORATORY FOR FOUNDATIONS OF CHEMISTRY II,1
BS1100,MOLECULAR & CELL BIOLOGY TECHNIQUES LEVEL 1,3
BS1103,CHINESE MEDICINE FOUNDATIONAL THEORIES,3
BS1104,ANCIENT CHINESE LITERATURE STUDIES,2
BS1105,CHINESE MEDICINE DIAGNOSTICS,3
BS1106,BASICS OF ACUPUNCTURE,4
BS1107,CM CLINICAL TRAINING 1,1
BS1200,UNDERSTANDING SINGAPORE HEALTHCARE SYSTEM,3
BS2002,MICROBIOLOGY,3
BS2003,BIOCHEMISTRY II,3
BS2004,MOLECULAR & CELL BIOLOGY II,3
BS2010,BIOIMAGING,3
BS2011,EQUATIONS OF LIFE,3
BS2020,MATHEMATICS & PHYSICS FOR THE STRUCTURAL BIOLOGIST,3
BS2021,RNA STRUCTURES & RNA BASED DRUG DEVELOPMENT,3
BS2023,REGULATORY CONTROL OF HEALTHCARE PRODUCTS & MEDICAL DEVICES,3
BS2024,EVOLUTION IN HEALTH & DISEASE,3
BS2025,ONE HEALTH,3
BS2028,INSTRUMENTATION FOR THE ANALYSIS OF BIOLOGICAL SYSTEMS,3
BS2029,INTRODUCTION TO LABORATORY MEDICINE,3
BS2100,MOLECULAR & CELL BIOLOGY TECHNIQUES LEVEL 2,3
BS2101,ANATOMY,3
BS2102,CHINESE MATERIA MEDICA,6
BS2103,TCM DIAGNOSTICS,6
BS2104,BIOMEDICAL PHARMACOLOGY,3
BS2105,EMPEROR'S CANON OF INTERNAL MEDICINE,6
BS2106,TCM FORMULARY,8
BS2107,TCM INTERNSHIP I,3
BS2108,CLINICAL ACUPUNCTURE,3
BS2109,CM CLASSIC EMPEROR?S CANON OF INTERNAL MEDICINE,2
BS2110,MATERIAL MEDICA OF CHINESE MEDICINE,3
BS2111,CM CLINICAL TRAINING 2,1
BS2112,CHINESE MEDICINE TUI-NA,4
BS2113,PHARMACOLOGY,3
BS2114,CHINESE MEDICINE PHARMACOLOGY,3
BS2115,CHINESE MEDICINE FORMULARY,3
BS2116,CM CLINICAL TRAINING 3,2
BS3003,DEVELOPMENTAL BIOLOGY,3
BS3004,CANCER BIOLOGY & THERAPY,3
BS3006,BIOENTREPRENEURSHIP,3
BS3008,COMPUTER AIDED DRUG DISCOVERY,3
BS3013,DRUG DISCOVERY & DEVELOPMENT BIOTECHNOLOGY,3
BS3014,BIOLOGICAL FOUNDATIONS OF BEHAVIOR,3
BS3018,PLANT BIOLOGY,3
BS3021,BIOIMAGING TECHNIQUES IN EM,3
BS3022,PROTEIN TRAFFICKING,3
BS3025,NUCLEAR MAGNETIC RESONANCE IN STRUCTURAL BIOLOGY,3
BS3027,LIGHT & BIOMOLECULE BEHAVIOR IN HEALTH & DISEASE,3
BS3028,NATURAL PRODUCTS IN MEDICINAL CHEMISTRY,3
BS3036,FUNDAMENTALS OF IMMUNOLOGY- CONCEPTS & EXPERIMENTS,3
BS3037,VIROLOGY,3
BS3038,INTELLECTUAL PROPERTY RIGHTS RELATED TO BIOBUSINESS,3
BS3039,EPIGENETICS & EPIGENOMICS IN HEALTH & DISEASE,3
BS3101,TREATISE ON EXOGENOUS FEBRILE DISEASES,6
BS3102,SYNOPSIS OF THE GOLDEN CHAMBER,6
BS3103,TCM INTERNSHIP II,3
BS3104,PATHOLOGY,3
BS3106,SEASONAL FEBRILE DISEASES,6
BS3107,TCM INTERNSHIP III,3
BS3108,ACUPUNCTURE & MOXIBUSTION,6
BS3109,FUNDAMENTALS OF IMMUNOLOGY,3
BS3201,INTELLECTUAL PROPERTY RIGHTS REL TO BIOBUSINESS & THEIR APPN,5
BS3202,COMMERCIALIZATION OF MOLECULAR & CELL BIOLOGY TECHNIQUES,3
BS3203,RESHAPING HEALTHCARE WITH ENGINEERING & DIGITAL REVOLUTION,3
BS3335,UAEB - PROTEINS IN HEALTH & DISEASE - BIOPHYSICAL TOOLS,3
BS3338,UAEB II - EFFECT OF ANTI-MITOTIC DRUGS ON CANCER CELLS,3
BS3340,UAEB(I) - SCIENCE OF AGING & LIFE EXTENSION IN C.ELEGANS,3
BS3342,UAEB II -ROLE OF ACTIN CYTOSKELETON REGULATORS IN METASTASIS,3
BS3344,UAEB II - MACROMOLECULAR CRYSTALLOGRAPHY,3
BS3351,UAEB (SERIES I) - PLANT TAXONOMY & MOLECULAR PHYLOGENETICS,3
BS3355,UAEB WORKSHOP (SERIES I) - HOW TO MAKE A PEPTIDE?,3
BS3356,UAEB(SERIES I)-ATOMIC SCALE IMAGING OF BIOMOLECULES USING EM,3
BS3357,UAEB SERIES I: REAL-TIME ANALYSIS ON PROTEIN-LIGAND BINDING,3
BS4002,CURRENT TOPICS IN CELL BIOLOGY,3
BS4010,SYNTHETIC BIOLOGY,3
BS4014,MOLECULAR BASIS OF DISEASES,3
BS4015,PLANT BIOTECHNOLOGY,3
BS4017,HIGH-THROUGHPUT BIOINFORMATICS,3
BS4018,BIOLOGY OF AGING & NEURODEGENERATION,3
BS4019,DISCOVERY & DEVELOPMENT OF THERAPEUTIC ANTIBODIES,3
BS4206,MEDICAL DEVICE RELATED REQUIREMENTS & REGULATIONS,3
BS5804,TRADITIONAL CHINESE MEDICINE: A PRIMER COURSE,3
BT2403,SERVICES OPERATIONS MANAGEMENT,4
BT2404,SERVICES OPERATIONS MANAGEMENT,3
BU5101,ACCOUNTING: A USER PERSPECTIVE,3
BU5201,BUSINESS FINANCE,3
BU5241,FINANCIAL WELLBEING,3
BU5302,LAW OF INTELLECTUAL PROPERTY & NEW MEDIA,3
BU5341,PRACTICAL ETHICS: THINKING ABOUT RIGHT & WRONG,3
BU5401,MANAGEMENT DECISION TOOLS,3
BU5501,MARKETING FOR THE 21ST CENTURY,3
BU5505,CROSS-CULTURAL MARKETING,3
BU5544,MARKETING HEALTH: CONSUMERS' PURSUIT OF WELLNESS,3
BU5545,CONSUMER NEUROSCIENCE: HOW BRAIN SCIENCE IS INFORMING BUS,3
BU5546,LUXURY MARKETING,3
BU5601,FUNDAMENTALS OF MANAGEMENT,3
BU5603,NEGOTIATION: STRATEGY & PRACTICE,3
BU5604,LEADERSHIP IN ORGANISATIONS,3
BU5605,MANAGING ORGANIZATIONAL CHANGE,3
BU5641,CULTURAL INTELLIGENCE: HOW TO BE AN EXPLORER OF THE WORLD,3
BU5642,LEADERSHIP IN THE 21ST CENTURY,3
BU5643,CULTURAL INTELLIGENCE: MAKING THE WORLD YOUR CLASSROOM,3
BU5644,SMARTER BRAIN? THE SCIENCE OF DECISION MAKING,3
BU5703,INTERNATIONAL BUSINESS ENVIRONMENT,3
CB0494,INTRODUCTION TO DATA SCIENCE & ARTIFICIAL INTELLIGENCE,3
CB1102,"INTRO TO CHEMISTRY, CHEM ENG & BIOMED ENG",1
CB1103,ORGANIC CHEMISTRY FOR ENGINEERS,3
CB1117,ENGINEERING MATHEMATICS,4
CB1131,INTRODUCTION TO BIOMOLECULAR ENGINEERING,3
CB4001,MICROFLUIDICS & ITS APPLICATIONS,3
CB4002,INTRODUCTION TO CHEMICAL & BIOLOGICAL SAFETY,1
CB4216,ENTREPRENEURSHIP IN MEDTECH & BIOTECHNOLOGY,3
CB4246,OPTIMISATION USING ARTIFICIAL INTELLIGENCE,3
CB4247,STATISTICS & COMPUTATIONAL INFERENCE TO BIG DATA,3
CB4248,ADVANCED SEMICONDUCTOR PROCESSES,3
CC0001,INQUIRY & COMMUNICATION IN AN INTERDISCIPLINARY WORLD,2
CC0002,NAVIGATING THE DIGITAL WORLD,2
CC0003,ETHICS & CIVICS IN A MULTICULTURAL WORLD,2
CC0005,HEALTHY LIVING & WELLBEING,3
CC0006,"SUSTAINABILITY: SOCIETY, ECONOMY & ENVIRONMENT",3
CC0007,SCIENCE & TECHNOLOGY FOR HUMANITY,3
CC0015,HEALTH & WELLBEING,2
CE1107,DATA STRUCTURES & ALGORITHMS,3
CE2003,DIGITAL SYSTEMS DESIGN,3
CE2101,ALGORITHM DESIGN & ANALYSIS,3
CE3001,ADVANCED COMPUTER ARCHITECTURE,3
CE3002,"SENSORS, INTERFACING & DIGITAL CONTROL",3
CE3004,MULTIDISCIPLINARY DESIGN PROJECT,4
CE3005,COMPUTER NETWORK,3
CE3102,"SIGNALS, SYSTEMS & TRANSFORMS",3
CE3103,EMBEDDED PROGRAMMING,3
CE4001,VIRTUAL & AUGMENTED REALITY,3
CE4003,COMPUTER VISION,3
CE4010,APPLIED CRYPTOGRAPHY,3
CE4011,PARALLEL COMPUTING,3
CE4013,DISTRIBUTED SYSTEMS,3
CE4015,SIMULATION & MODELLING,3
CE4016,ADVANCED TOPICS IN ALGORITHMS,3
CE4022,WIRELESS & MOBILE NETWORKS,3
CE4023,ADVANCED COMPUTER NETWORKS,3
CE4031,DATABASE SYSTEM PRINCIPLES,3
CE4032,DATA ANALYTICS & MINING,3
CE4034,INFORMATION RETRIEVAL,3
CE4041,MACHINE LEARNING,3
CE4042,NEURAL NETWORK & DEEP LEARNING,3
CE4045,NATURAL LANGUAGE PROCESSING,3
CE4046,INTELLIGENT AGENTS,3
CE4052,CLOUD COMPUTING,3
CE4055,CYBER PHYSICAL SYSTEM SECURITY,3
CE4062,COMPUTER SECURITY,3
CE4064,SECURITY MANAGEMENT,3
CE4067,SOFTWARE SECURITY,3
CE4069,CONCEPTS & TECHNIQUES FOR MALWARE ANALYSIS,3
CE4070,CYBER THREAT INTELLIGENCE,3
CE4071,NETWORK SCIENCE,3
CE4123,BIG DATA MANAGEMENT,3
CE4153,BLOCKCHAIN TECHNOLOGY,3
CE4171,INTERNET OF THINGS: COMMUNICATIONS & NETWORKING,3
CE4172,INTERNET OF THINGS: TINY MACHINE LEARNING,3
CE5008,DECODE THE INDUSTRY: INSIGHTS & SKILLS FOR CAREER SUCCESS,1
CH1104,MATERIALS & ENERGY BALANCES,3
CH1801,CHEMICAL & BIOMOLECULAR ENGINEERING LABORATORY 1A,1
CH1802,CHEMICAL & BIOMOLECULAR ENGINEERING LABORATORY 2,1
CH2010,ENGINEERING STATISTICS,3
CH2103,FLUID SYSTEMS,3
CH2107,INTRODUCTION TO COMPUTATIONAL THINKING,3
CH2108,THERMODYNAMICS,3
CH2112,CHEMICAL REACTION ENGINEERING,3
CH2114,HEAT & MASS TRANSFER IN CHEMICAL & BIOLOGICAL SYSTEMS,3
CH2123,CHEMICAL THERMODYNAMICS,3
CH2151,UNIT OPERATIONS: FLUID-SOLID SEPARATION,3
CH2801,CHEMICAL & BIOMOLECULAR ENGINEERING LABORATORY 2A,2
CH2802,CHEMICAL & BIOMOLECULAR ENGINEERING LABORATORY 2B,2
CH3104,BIOCHEMICAL ENGINEERING,3
CH3109,DECISION TOOLS FOR ENGINEERING BUSINESS,3
CH3111,PROCESS CONTROL & DYNAMICS,3
CH3121,"CHEMICAL, BIOLOGICAL & PLANT SAFETY",2
CH3140,UNIT OPERATIONS: FLUID-FLUID SEPARATION,3
CH3802,CHEMICAL & BIOMOLECULAR ENGINEERING LABORATORY 5,3
CH4102,PROJECT MANAGEMENT FOR ENGINEERS,3
CH4106,FORMULATION OF ACTIVE PHARMACEUTICAL INGREDIENTS DOSAGE FORM,3
CH4211,CNYSP OVERSEAS FINAL YEAR PROJECT,8
CH4213,PHARMACOKINETICS & BIOPHARMACEUTICS,3
CH4223,PETROLEUM REFINING,3
CH4244,NUMERICAL METHODS & DATA ANALYTICS,3
CH4245,CASE STUDIES FOR CHEMICAL & BIOMEDICAL ENGINEERS,3
CH4303,BIOSEPARATIONS,3
CH4306,BIOANALYTICAL TECHNIQUES,3
CH4341,FUNDAMENTALS OF INTELLECTUAL PROPERTY IN CHEMICAL ENG,3
CH4702,INDEPENDENT RESEARCH PROJECT 1,3
CH4703,INDEPENDENT RESEARCH PROJECT 2,3
CH4801,FINAL YEAR DESIGN PROJECT,8
CH5200,FOOD MICROBIOLOGY,3
CH5201,FOOD CHEMISTRY,5
CH5202,FOOD PHYSICS,3
CH5203,FOOD PROCESS ENGINEERING,5
CH5204,QUALITY SYSTEMS OPERATIONS,2
CH5220,FOOD STANDARD - FOOD SAFETY & RISK ASSESSMENT,3
CH5221,FOOD INDUSTRY SEMINAR SERIES,3
CH5222,FUTURE FOODS - INTRODUCTION TO ADVANCED MEAT ALTERNATIVES,3
CM1001,FOUNDATIONS OF CHEMISTRY I,4
CM1002,FOUNDATIONS OF CHEMISTRY II,4
CM1804,MATHEMATICS FOR CHEMISTRY,2
CM2011,ANALYTICAL CHEMISTRY,3
CM2021,INORGANIC & BIOINORGANIC CHEMISTRY,3
CM2031,ORGANIC & BIOORGANIC CHEMISTRY,3
CM2041,PHYSICAL & BIOPHYSICAL CHEMISTRY 1,3
CM2061,CHEMISTRY & BIOLOGICAL CHEMISTRY LABORATORY 1,3
CM2062,CHEMISTRY & BIOLOGICAL CHEMISTRY LABORATORY 2,3
CM3011,CHEMICAL SPECTROSCOPY & APPLICATIONS,3
CM3021,ORGANOMETALLIC CHEMISTRY,3
CM3031,ORGANIC REACTION MECHANISMS & SYNTHESIS,3
CM3041,PHYSICAL & BIOPHYSICAL CHEMISTRY 2,3
CM3061,CHEMISTRY & BIOLOGICAL CHEMISTRY LABORATORY 3,3
CM3062,CHEMISTRY & BIOLOGICAL CHEMISTRY LABORATORY 4,3
CM4011,ADVANCED ANALYTICAL CHEMISTRY,3
CM4012,STRUCTURAL DETERMINATION,3
CM4013,CURRENT TOPICS IN ANALYTICAL CHEMISTRY,3
CM4021,CURRENT TOPICS IN INORGANIC CHEMISTRY,3
CM4031,ASYMMETRIC SYNTHESIS,3
CM4032,CURRENT TOPICS IN SYNTHETIC ORGANIC CHEMISTRY,3
CM4033,METAL MEDIATED REACTIONS,3
CM4042,CHEMICAL KINETICS & DYNAMICS,3
CM4043,MOLECULAR MODELLING:PRINCIPLES & APPLICATIONS,3
CM4044,ARTIFICIAL INTELLIGENCE IN CHEMISTRY,3
CM4053,PHARMACEUTICAL CHEMISTRY,3
CM4061,MATERIALS CHEMISTRY,3
CM4062,POLYMER CHEMISTRY,3
CM4063,NANOSCIENCE & NANOTECHNOLOGY,3
CM5002,FORENSIC SCIENCE,3
CM5012,INTRODUCTION TO FORENSIC SCIENCE,2
CM5013,SCENT CREATION: THE ART & SCIENCE OF PERFUMERY,3
CM5022,APPLICATIONS OF FORENSIC SCIENCE,1
CM5081,MEDICINAL CHEMISTRY,3
CM5092,CHEMICAL SUSTAINABILITY - AN ASIAN PERSPECTIVE,3
CM5101,FOOD CHEMISTRY & NUTRITION,3
CS0102,MAKING SENSE OF BIG DATA,3
CS0201,FOUNDATIONS OF COMMUNICATION STUDIES,3
CS0204,BASIC MEDIA WRITING,3
CS0209,"MEDIA LAW, ETHICS & POLICY",3
CS0888,ARTIFICIAL INTELLIGENCE & NEW TECHNOLOGY LAW,3
CS2005,SPEECH & ARGUMENTATION,3
CS2007,COMMUNICATION HISTORY & THEORIES,3
CS2008,FUNDAMENTALS OF RESEARCH,3
CS2021,NEWS REPORTING & WRITING,3
CS2023,PRINT & DIGITAL PUBLICATIONS,3
CS2024,WEB DESIGN & TECHNOLOGIES,3
CS2025,IMAGE & SOUND PRODUCTION,3
CS2026,MEDIA PRESENTATION & PERFORMANCE,3
CS2027,GENRE & NARRATIVE STRATEGIES,3
CS2028,PRODUCTION MANAGEMENT FOR TV & CINEMA,3
CS2030,AUDIO IN MEDIA,3
CS2031,CREATIVE STRATEGIES,3
CS2033,CORPORATE COMMUNICATIONS MANAGEMENT,3
CS2044,PHOTOJOURNALISM,3
CS2045,ONLINE JOURNALISM,3
CS2054,INTERPERSONAL COMMUNICATION,3
CS2055,ORGANISATIONAL COMMUNICATION,3
CS2056,PSYCHOLOGY &  COMMUNICATION,3
CS2057,MEDIA EFFECTS,3
CS2058,INTEGRATED MARKETING COMMUNICATION,3
CS2059,SOCIAL CONSEQUENCES OF MOBILE COMMUNICATION,3
CS2066,FILM FESTIVAL PRACTICUM,3
CS2090,DIGITAL MEDIA ENTREPRENEURSHIP,3
CS2101,PUBLIC RELATIONS WRITING,3
CS2102,"INTRODUCTION TO ADVERTISING, SOCIETY, & CONSUMER ANALYTICS",3
CS2103,PUBLIC RELATIONS & COMMUNICATIONS MANAGEMENT,3
CS2166,FILM FESTIVAL PRACTICUM,4
CS2190,CINEMA & THE ENVIRONMENT,3
CS2300,ACTING &  DIRECTING FOR TV &  FILM,3
CS2400,FOUNDATION OF INFORMATION ANALYTICS,3
CS2401,"INFORMATION ANALYTICS: TOOLS, TECHNIQUES & TECHNOLOGIES",3
CS2403,TELLING STORIES WITH DATA,3
CS2405,DATA MINING,3
CS2408,MISINFORMATION & MEDIA LITERACY,3
CS4018,SPECIALISED JOURNALISM:BUSINESS & ECONOMICS,4
CS4020,FEATURE WRITING,4
CS4023,ADVANCED PHOTOJOURNALISM,4
CS4024,WRITING FOR CINEMA & TV,4
CS4026,DOCUMENTARY PRODUCTION: CONCEPTS & APPLICATIONS,4
CS4027,NARRATIVE FILM & TV:CONCEPTS & APPLICATIONS,4
CS4029,ADVERTISING CREATIVITY & COPYWRITING,4
CS4030,CRISIS MANAGEMENT,4
CS4031,MEDIA PLANNING & STRATEGIES,4
CS4032,COMMUNICATION CAMPAIGNS,4
CS4037,AUDIENCE RESEARCH METHODS,4
CS4042,ADVANCED RESEARCH METHODS,4
CS4050,BAYESIAN DATA ANALYSIS & ITS APPLICATIONS,4
CS4053,POPULAR CINEMA,4
CS4054,ASIAN CINEMA,4
CS4058,INTERCULTURAL COMMUNICATION,4
CS4060,PERSUASION &  SOCIAL INFLUENCE,4
CS4061,GLOBAL MEDIA ISSUES &  POLICY,4
CS4066,ISSUES IN PUBLIC RELATIONS,4
CS4068,ISSUES IN CINEMA STUDIES,4
CS4070,ISSUES IN ADVERTISING,4
CS4072,DIGITAL MEDIA & HUMAN RELATIONSHIPS,4
CS4074,CONSUMER BEHAVIOR,4
CS4075,SELECTED TOPICS IN PR:EVALUATING & PRODUCING CAMPAIGN RESULT,4
CS4090,GOING OVERSEAS FOR ADVANCED REPORTING,4
CS4092,NEW MEDIA &  SOCIETY,4
CS4097,OVERSEAS DIGITAL DOCUMENTARY - 'ODYSSEE',4
CS4131,RISK COMMUNICATION,4
CS4150,HEALTH COMMUNICATION,4
CS4185,FILM FESTIVAL PRACTICUM,4
CS4196,IMPRESSION MANAGEMENT & SELF-PRESENTATION ONLINE,4
CS4197,WAR & CINEMA,4
CS4198,POPULAR ANIMATION IN A GLOBAL CONTEXT,4
CS4199,CHILDREN & MEDIA,4
CS4262,BRANDED CONTENT MARKETING FOR SOCIAL MEDIA CAMPAIGNS,4
CS4264,INTRODUCTION TO NETWORK ANALYSIS,4
CS4265,GLOBAL FILM CULTURES: HOLLYWOOD & THE WEST,4
CS4267,EFFECTS OF VIRTUAL REALITY TECHNOLOGIES,4
CS4269,BOTS WITH PERSONALITY-DESIGNING AI AGENTS FOR COMMUNICATION,4
CS4270,CINEMA & NATION,4
CS4271,HUMAN-AI INTERACTION & COMMUNICATION,4
CS4311,PROMOTING SUSTAINABILITY,4
CS4312,WOMEN IN FILM & TV INDUSTRIES,4
CS4313,PROGRAMMING IN PYTHON,4
CS4315,"SOCIAL MEDIA, SELF & SOCIETY",4
CS4316,STORYTELLING IN ADVERTISING,4
CS4319,TELLING THE STORY IN MULTIMEDIA,4
CS4321,"DIGITAL INCLUSION & DISABILITY:TECH, INCL. DES & SOC FUTURES",4
CS4323,PERSUASIVE TECHNOLOGY FOR STRATEGIC COMMUNICATION,4
CS4329,DIGITAL ADVERTISING ESSENTIALS,4
CS5060,INTRODUCTION TO ADVERTISING,3
CS5081,INTRODUCTION TO KOREA STUDIES,3
CS5116,INTRODUCTION TO NEWS MEDIA,3
CS5207,"FIFTY DISCOVERIES, FIFTY INVENTIONS",3
CS5209,COLLECTIVE PROBLEM SOLVING,3
CS5300,SCIENCE FICTION FILM,3
CV0003,INTRODUCTION TO DATA SCIENCE & ARTIFICIAL INTELLIGENCE,3
CV1011,MECHANICS OF MATERIALS,4
CV1012,FLUID MECHANICS,3
CV1013,CIVIL ENGINEERING MATERIALS,3
CV1014,INTRODUCTION TO COMPUTATIONAL THINKING,3
CV1711,ENGINEERING DRAWING  & 3D BUILDING INFORMATION MODELLING,1
CV2011,STRUCTURAL ANALYSIS I,3
CV2012,STRUCTURAL ANALYSIS II,3
CV2013,ENGINEERING GEOLOGY & SOIL MECHANICS,3
CV2014,GEOTECHNICAL ENGINEERING,3
CV2019,MATRIX ALGEBRA & COMPUTATIONAL METHODS,3
CV2020,WATER RESOURCES ENGINEERING,3
CV2711,CIVIL ENGINEERING LABORATORY A,1
CV2712,CIVIL ENGINEERING LABORATORY B,1
CV3011,REINFORCED CONCRETE DESIGN,3
CV3012,STEEL DESIGN,3
CV3013,FOUNDATION ENGINEERING,3
CV3014,TRANSPORTATION ENGINEERING,3
CV3016,CONSTRUCTION TECHNOLOGY & PROCESSES,3
CV3017,URBAN WATER CIRCULARITY,2
CV4012,PROJECT PLANNING & MANAGEMENT,2
CV4101,STRUCTURAL ANALYSIS III,3
CV4107,SUSTAINABLE PROJECT ECONOMICS & FINANCE,3
CV4110,EXCAVATION & RETAINING WALLS,3
CV4111,GROUND ENGINEERING,3
CV4112,TRAFFIC ENGINEERING,3
CV4113,HIGHWAY ENGINEERING,3
CV4116,COASTAL ENGINEERING,3
CV4120,ADVANCED REINFORCED CONCRETE DESIGN,3
CV4121,INLAND & COASTAL FLOOD MANAGEMENT,3
CV4711,SEMINARS ON BUILT ENVIRONMENT,1
CV4912,INTEGRATED DESIGN PROJECT,3
CV5101,SUSTAINABLE BUILT ENVIRONMENT,3
CY0001,WRITING ACROSS THE DISCIPLINES,3
CY0002,ETHICS,3
CY1001,CELL,3
CY1007,CLIMATE CHANGE,3
CY1101,MOLECULE,4
CY1307,QUANTUM,3
CY1308,PHYSICS,3
CY1500,INTRODUCTION TO RESEARCH,2
CY1601,MATHEMATICS I,4
CY1602,MATHEMATICS II,4
CY2001,RESEARCH ATTACHMENT 1,4
CZ1105,DIGITAL LOGIC,3
CZ1107,DATA STRUCTURES & ALGORITHMS,3
CZ1113,PHYSICS FOR COMPUTING,2
CZ2002,OBJECT ORIENTED DESIGN & PROGRAMMING,3
CZ2003,COMPUTER GRAPHICS & VISUALISATION,3
CZ2004,HUMAN COMPUTER INTERACTION,3
CZ2005,OPERATING SYSTEMS,3
CZ2006,SOFTWARE ENGINEERING,3
CZ2007,INTRODUCTION TO DATABASES,3
CZ2100,PROBABILITY & STATISTICS FOR COMPUTING,3
CZ2101,ALGORITHM DESIGN & ANALYSIS,3
CZ3001,ADVANCED COMPUTER ARCHITECTURE,3
CZ3002,ADVANCED SOFTWARE ENGINEERING,3
CZ3004,MULTIDISCIPLINARY DESIGN PROJECT,4
CZ3005,ARTIFICIAL INTELLIGENCE,3
CZ3006,COMPUTER NETWORK,3
CZ3007,COMPILER TECHNIQUES,3
CZ4001,VIRTUAL & AUGMENTED REALITY,3
CZ4003,COMPUTER VISION,3
CZ4010,APPLIED CRYPTOGRAPHY,3
CZ4011,PARALLEL COMPUTING,3
CZ4013,DISTRIBUTED SYSTEMS,3
CZ4015,SIMULATION  &  MODELLING,3
CZ4016,ADVANCED TOPICS IN ALGORITHMS,3
CZ4022,WIRELESS & MOBILE NETWORKS,3
CZ4023,ADVANCED COMPUTER NETWORKS,3
CZ4031,DATABASE SYSTEM PRINCIPLES,3
CZ4032,DATA ANALYTICS & MINING,3
CZ4034,INFORMATION RETRIEVAL,3
CZ4041,MACHINE LEARNING,3
CZ4042,NEURAL NETWORK & DEEP LEARNING,3
CZ4045,NATURAL LANGUAGE PROCESSING,3
CZ4046,INTELLIGENT AGENTS,3
CZ4052,CLOUD COMPUTING,3
CZ4055,CYBER PHYSICAL SYSTEM SECURITY,3
CZ4062,COMPUTER SECURITY,3
CZ4064,SECURITY MANAGEMENT,3
CZ4067,SOFTWARE SECURITY,3
CZ4069,CONCEPTS & TECHNIQUES FOR MALWARE ANALYSIS,3
CZ4070,CYBER THREAT INTELLIGENCE,3
CZ4071,NETWORK SCIENCE,3
CZ4123,BIG DATA MANAGEMENT,3
CZ4124,DATA VISUALISATION,3
CZ4153,BLOCKCHAIN TECHNOLOGY,3
CZ4171,INTERNET OF THINGS: COMMUNICATIONS & NETWORKING,3
CZ5008,DECODE THE INDUSTRY: INSIGHTS & SKILLS FOR CAREER SUCCESS,1
DA1000,THINKING & COMMUNICATING VISUALLY I,3
DA2002,THINKING & COMMUNICATING VISUALLY II,3
DA2004,EXHIBITION DESIGN,3
DA3000,THINKING & COMMUNICATING VISUALLY III,3
DA5000,APPLIED DRAWING,3
DA5001,PAINTING,3
DA5002,WATERMEDIA LANDSCAPE PAINTING,3
DA5003,KINETIC ANATOMY:DYNAMIC FIG DRAWING FOR ARTISTS & DESIGNERS,3
DA5005,"COMPOSITIONAL STUDY - SHAPES, SPACE & COLOR INTERACTION",3
DA5007,DRAWING FOR ANIMATION,3
DD0000,WRITING NARRATIVES FOR CREATIVE MEDIA,3
DD0003,INFORMATION VISUALIZATION,3
DD1003,INTRODUCTION TO THE HISTORIES OF ART I: WESTERN ART HISTORY,3
DD1004,INTRODUCTION TO THE HISTORIES OF ART II: ASIAN ART HISTORY,3
DD2013,VISUALIZATION OF CULTURAL HERITAGE,3
DD3016,HISTORY OF DESIGN,3
DD4005,MEDIA ART INTERDISCIPLINARY SEMINAR,3
DD4006,DESIGN ART INTERDISCIPLINARY SEMINAR,3
DD5008,INDEPENDENT STUDY,3
DD5009,DESIGN THINKING,3
DF2000,DIGITAL FILM PRODUCTION I,3
DF2001,FILM EDITING,3
DF2002,SURVEY OF EXPERIMENTAL FILM,3
DF2003,CINEMATOGRAPHY  I,3
DF2004,SOUND IN MEDIA,3
DF2005,WRITING FOR FILM,3
DF2006,ETHNOGRAPHIC FILM,3
DF2009,HISTORY OF WORLD CINEMA,3
DF2011,SOUND FOR FILM,3
DF2012,ADVANCED SCREENWRITING,3
DF3004,DIGITAL FILM PRODUCTION II,3
DF3005,AUDIO POST-PRODUCTION FOR FILM,3
DF3010,EXPERIMENTAL FILM PRODUCTION,3
DF3011,ADVANCED DIRECTING FOR FILM,3
DF3012,FILM DIRECTING,3
DF3013,SUSTAINABLE PRODUCING FOR FILM & MEDIA,3
DF3014,CREATIVE PRODUCING FOR FILM & MEDIA,3
DF5001,DOCUMENTARY FILMMAKING,3
DF5002,CINEMATOGRAPHY II,3
DM2000,INTERACTIVE I,3
DM2006,NARRATIVES FOR INTERACTION,3
DM2007,INTERACTIVE II,3
DM2008,PROGRAMMING FOR INTERACTION,3
DM2009,PERFORMANCE & INTERACTION,3
DM2011,ISSUES IN INTERACTIVE MEDIA PRACTICE,3
DM2012,EXPLORATIONS IN A.I. GENERATED ART,3
DM3008,GENERATIVE ART,3
DM3009,AUDIO-VISUAL CREATIVE CODING,3
DM3010,PROJECT DEVELOPMENT & PLANNING,3
DM3013,INTERACTIVE SPACES,3
DM3014,INTERACTIVE DEVICES,3
DM3015,INTERACTIVE ENVIRONMENTS,3
DM5000,CREATIVE ROBOTICS,3
DM5001,WEB DESIGN,3
DN1001,FOUNDATION DRAWING,3
DN1002,FOUNDATION 2D,3
DN1003,FOUNDATION 3D,3
DN1004,FOUNDATION 4D,3
DN1009,GRAPHIC FORM,3
DN1010,EXPERIMENTAL INTERACTION,3
DN1011,FORM & VISUALISATION,3
DN1013,CONCEPTS OF DIGITAL IMAGING,3
DN1016,VISUAL STORYTELLING,3
DN1017,MEDIA ART & REPRESENTATION,3
DP2001,DIGITAL PHOTOGRAPHY,3
DP2002,HISTORY OF PHOTOGRAPHY,3
DP2005,PHOTOGRAPHY: COLOUR & CONTEXT,3
DP2006,PRINCIPLES OF LIGHTING,3
DP2008,EXPERIMENTAL PHOTOGRAPHY,3
DP2011,PHOTOGRAPHY: LIGHT & LOCATION,3
DP3000,PHOTOGRAPHIC MEDIA & PRESENTATION,3
DP3003,SOCIALLY ENGAGED PHOTOGRAPHY,3
DP3008,LOCATION EXPERIENCES IN PHOTOGRAPHY,3
DP3010,MOVING IMAGE FOR MEDIA ARTISTS,3
DP3011,DOCUMENTARY PRACTICES,3
DP4001,EXTENDED PHOTOGRAPHY,3
DP5000,BLACK & WHITE FILM PHOTOGRAPHY,3
DR2000,CONCEPTUAL DESIGN,3
DR2001,PRODUCT DESIGN I,3
DR2002,EMERGING PRODUCT DESIGN PRACTICES,3
DR2004,PRODUCT DESIGN II,3
DR2005,COMPUTER AIDED DESIGN WORKSHOP I,3
DR2008,DESIGN FUTURES & EXPERIENCES,3
DR2014,BODY-CENTRIC DESIGN,3
DR3002,COMPUTER AIDED DESIGN II,3
DR3005,PRODUCT DESIGN IV,3
DR3006,PRODUCT DESIGN III,3
DR3007,STUDIES IN FORM,3
DR3008,ADVANCED DEVELOPMENT & PROTOTYPING,3
DR5000,SURFACE DESIGN,3
DR5002,PRODUCTS IN ASIAN CULTURAL CONTEXT,3
DR5003,INTRODUCTION TO DESIGN,3
DR5004,DESIGN & SYSTEMS THINKING,3
DT2000,BASIC PRINCIPLES OF MOTION,3
DT2001,3D PRODUCTION,3
DT2005,LIGHTING & RENDERING PIPELINE,3
DT2007,"HISTORY & CULTURE OF ANIMATION, VFX & GAME",3
DT2009,STORYBOARDING & PRODUCTION DESIGN,3
DT2010,DIGITAL COMPOSITING,3
DT2011,STOP MOTION PRINCIPLES,3
DT2015,ADVANCED 3D PRODUCTION,3
DT2016,3D CHARACTER ANIMATION,3
DT2017,WRITING FOR ANIMATION,3
DT2018,ANIMATION FOR GAMES I,3
DT2019,ANIMATION FOR GAMES II,3
DT2020,GAME DESIGN I,3
DT2021,GAME ASSETS DESIGN,3
DT3000,ADVANCED DRAWN ANIMATION,3
DT3004,RIGGING FOR ANIMATION,3
DT3008,RESEARCH & VISUAL DEVELOPMENT,3
DT3009,CINEMATIC CONCEPTS & MOTION CAPTURE APPLICATIONS,3
DT3010,VISUAL EFFECTS I,3
DT3011,VISUAL EFFECTS II,3
DT3012,ACTING FOR ANIMATION,3
DT3013,ANIMATION SEMINAR,3
DT3014,GAME DESIGN II,3
DT3015,STOP MOTION SEMINAR,3
DT3016,GAME JAM,3
DT3017,GAME SEMINAR,3
DT5000,DIGITAL SCULPTING,3
DT5001,GRAPHIC STORYTELLING,3
DT5002,ISSUES IN ANIMATION PRACTICE,3
DT5003,DIGITAL PAINTING,3
DT5004,FUNDAMENTALS OF IMMERSIVE 360 DEGREES & VR EXPERIENCES,3
DV2000,TYPOGRAPHY I,3
DV2001,VISUAL COMMUNICATION I,3
DV2002,ILLUSTRATION FOR DESIGNERS,3
DV2003,BEYOND THE LOGO: INTRODUCTION TO BRANDING,3
DV2004,TYPOGRAPHY II,3
DV2005,VISUAL COMMUNICATION II,3
DV2006,DESIGNED EXPERIENCES,3
DV2007,ISSUES IN VISUAL COMMUNICATION PRACTICE,3
DV2008,INTERFACE DESIGN,3
DV3002,EDITORIAL DESIGN,3
DV3003,SPATIAL DESIGN,3
DV3008,VISUAL COMMUNICATION IV,3
DV3010,VISUAL COMMUNICATION III,3
DV3011,TYPOGRAPHY III,3
DV3012,PRODUCTION FOR GRAPHIC DESIGNERS,3
DV5001,DESIGN IN MOTION,3
DV5002,PACKAGING DESIGN,3
E1102L,PHYSICS FOUNDATION FOR ELECTRICAL & ELECTRONIC ENGINEERING,0
E2005L,ELECTRICAL DEVICES & MACHINES,0
E2101L,CIRCUIT ANALYSIS,0
E2103L,SEMICONDUCTOR FUNDAMENTALS,0
E2104L,DIGITAL ELECTRONICS,0
E2110L,SIGNALS & SYSTEMS,0
E3011L,MODELLING & CONTROL,0
E3012L,COMMUNICATION PRINCIPLES,0
E3013L,SEMICONDUCTOR DEVICES & PROCESSING,0
E3014L,DIGITAL SIGNAL PROCESSING,0
E3015L,POWER SYSTEMS & CONVERSION,0
E3017L,COMPUTER COMMUNICATIONS,0
E3018L,INTRODUCTION TO PHOTONICS,0
E3019L,INTEGRATED ELECTRONICS,0
E3101L,ENGINEERING ELECTROMAGNETICS,0
E3102L,MICROPROCESSORS,0
EE1071,INTRODUCTION TO EEE LABORATORIES,1
EE1102,PHYSICS FOUNDATION FOR ELECTRICAL & ELECTRONIC ENGINEERING,3
EE2005,ELECTRICAL DEVICES & MACHINES,3
EE2073,INTRODUCTION TO EEE DESIGN & PROJECT,2
EE2101,CIRCUIT ANALYSIS,3
EE2102,ANALOG ELECTRONICS,3
EE2103,SEMICONDUCTOR FUNDAMENTALS,3
EE3011,MODELLING & CONTROL,3
EE3013,SEMICONDUCTOR DEVICES & PROCESSING,3
EE3015,POWER SYSTEMS & CONVERSION,3
EE3018,INTRODUCTION TO PHOTONICS TECHNOLOGIES,3
EE3019,INTEGRATED ELECTRONICS,3
EE3101,ENGINEERING ELECTROMAGNETICS,3
EE3180,DESIGN & INNOVATION PROJECT,3
EE4227,CONTROL ENGINEERING DESIGN,3
EE4228,INTELLIGENT SYSTEMS DESIGN,3
EE4268,ROBOTICS & AUTOMATION,3
EE4273,DIGITAL CONTROL SYSTEMS,3
EE4285,COMPUTATIONAL INTELLIGENCE,3
EE4323,MIXED-SIGNAL IC DESIGN,3
EE4324,RADIO FREQUENCY INTEGRATED SYSTEM DESIGN,3
EE4341,ADVANCED ANALOG CIRCUITS,3
EE4343,RADIO FREQUENCY CIRCUITS,3
EE4344,ANALYSIS & DESIGN OF INTEGRATED CIRCUITS,3
EE4523,POWER ENGINEERING DESIGN,3
EE4524,DESIGN OF CLEAN ENERGY SYSTEMS,3
EE4530,POWER SYSTEM ANALYSIS & CONTROL,3
EE4532,POWER ELECTRONICS & DRIVES,3
EE4533,POWER APPARATUS & SYSTEM PROTECTION,3
EE4534,MODERN DISTRIBUTION SYSTEMS WITH RENEWABLE RESOURCES,3
EE4623,CMOS PROCESS & DEVICE SIMULATION,3
EE4624,DEVICE PARAMETER EXTRACTION & LAYOUT IMPLEMENTATION,3
EE4645,MICROFABRICATION ENGINEERING,3
EE4647,MICROELECTRONIC DEVICES,3
EE4903,PHYSIOLOGICAL SYSTEMS ANALYSIS,3
EE4904,BIOMEDICAL INSTRUMENTATION,3
EE5081,INNOVATION & TECHNOLOGY MANAGEMENT,3
EE5082,INTERDISCIPLINARY PROJECT WORK,6
EE5083,FROM PASSION TO ACTION: SIX KEY STEPS TO A START-UP!,3
EE5093,ENERGY DEVICES FOR SUSTAINABLE URBAN ENVIRONMENT,3
EE5094,IMPACT OF ELECTROMAGNETIC RADIATION ON HUMANS,3
EE6108,COMPUTER NETWORKS,3
EE6111,5G COMMUNICATION & BEYOND,3
EE6225,MULTIVARIABLE CONTROL SYSTEMS ANALYSIS & DESIGN,3
EE6301,SMART BIOSENSORS & SYSTEMS FOR HEALTHCARE,3
EE6309,VLSI SYSTEMS,3
EE6311,INTEGRATED NANOPHOTONIC DEVICES,3
EE6403,DISTRIBUTED MULTIMEDIA SYSTEMS,3
EE6405,NATURAL LANGUAGE PROCESSING,3
EE6427,VIDEO SIGNAL PROCESSING,3
EE6601,ADVANCED WAFER PROCESSING,3
EE6610,INTEGRATED CIRCUIT (IC) PACKAGING,3
EE7913,SATELLITE TECHNOLOGY & SPACE MISSION DESIGN,3
EG1001,ENGINEERS IN SOCIETY,2
EG2810,MATHEMATICS A,4
EG5003,PRODUCT DEVELOPMENT CHALLENGE,3
EM5103,WATER RESOURCES MANAGEMENT,3
EM5104,AIR QUALITY MANAGEMENT,3
EM5109,ENVIRONMENTAL ISSUES & SUSTAINABILITY,3
EN1001,ENVIRONMENTAL CHEMISTRY,3
EN2002,MICROBIOLOGICAL PRINCIPLES OF ENVIRONMENTAL ENGINEERING,3
EN2003,WATER SUPPLY ENGINEERING,3
EN2004,GEO-ENVIRONMENT & SOIL MECHANICS,3
EN2005,ENVIRONMENTAL HEALTH & SAFETY MANAGEMENT,3
EN2711,ENVIRONMENTAL ENGINEERING LABORATORY A,1
EN2712,ENVIRONMENTAL ENGINEERING LABORATORY B,1
EN3001,SOLID & HAZARDOUS WASTE MANAGEMENT,3
EN3002,WASTEWATER ENGINEERING,3
EN3003,ENVIRONMENTAL TRANSPORT PROCESSES,3
EN3004,AIR POLLUTION CONTROL ENGINEERING,3
EN3006,ENERGY RESOURCES ENGINEERING,3
EN4001,ENVIRONMENTAL IMPACT ASSESSMENT & MONITORING,3
EN4003,ENVIRONMENTAL SYSTEMS ANALYSIS,2
EN4102,MEMBRANES FOR ENVIRONMENTAL APPLICATIONS,3
EN4104,ENVIRONMENTAL HYDRAULICS,3
EN4107,SUSTAINABILITY MANAGEMENT & REPORTING,3
EN4711,SEMINARS ON BUILT ENVIRONMENT,1
EN4912,INTEGRATED DESIGN PROJECT,3
ES0001,THE PHYSICAL ENVIRONMENTS OF SINGAPORE,3
ES0002,FUNDAMENTALS OF DATA SCIENCE FOR EESS,3
ES0138,INTRODUCTION TO SCIENTIFIC WRITING,2
ES0238,WRITING SCIENCE FOR NON-SCIENTISTS,2
ES1001,E2S2: ENVIRONMENT & SOCIETY,4
ES1003,E2S2: SOLID EARTH,4
ES1006,INTRODUCTORY FIELD EXPERIENCE,4
ES1007,CLIMATE CHANGE,3
ES2001,COMPUTATIONAL EARTH SYSTEMS SCIENCE,4
ES2002,EARTH MATERIALS,3
ES2003,E2S2 BIOSPHERE,4
ES2004,SEDIMENTARY GEOLOGY,3
ES2005,GEOLOGY OF EARTHQUAKES,3
ES2203,GLOBAL ENVIRONMENTAL POLITICS & GOVERNANCE,3
ES2301,PRINCIPLES OF HEREDITY & ECOLOGICAL GENETICS,3
ES2302,"FIELD STUDIES IN ENVIRONMENT, ECOLOGY & SOCIETY",2
ES2303,INTRODUCTION TO ECOLOGY,3
ES2305,INTRODUCTORY STATISTICS & NUMERICAL THINKING,3
ES2802,GIS & THE EARTH SYSTEM,3
ES3002,STRUCTURAL GEOLOGY & TECTONICS,3
ES3003,INTRODUCTION TO GEOCHEMISTRY,3
ES3004,INTRODUCTION TO GEOPHYSICS,3
ES3005,ADVANCED FIELD COURSE IN GEOLOGY,5
ES3006,SPACE GEODESY,3
ES3201,COUPLED HUMAN & NATURAL SYSTEMS,3
ES3202,RESILIENT URBAN SYSTEMS,3
ES3203,THE GENOME & SOCIETY,3
ES3301,PLANT  &  ANIMAL PHYSIOLOGY,3
ES3302,TROPICAL ECOLOGY,3
ES3304,ADVANCED FIELD PLACEMENT IN ECOLOGY & SOCIETY,2
ES3306,GLOBAL CHANGE ECOLOGY,3
ES3307,EXPERIMENTAL DESIGN & ANALYSIS FOR ECOLOGY,4
ES3801,BIOGEOCHEMISTRY,3
ES3802,"THE URBAN ENVIRONMENT: ISSUES, ASSESSMENT, & MANAGEMENT",3
ES4010,TEACHING IN E2S2,4
ES4201,ENVIRONMENTAL MANAGEMENT & VALUATION,3
ES4301,CONSERVATION BIOLOGY & BIODIVERSITY,3
ES4302,INTRODUCTION TO EARTH ENVIRONMENTAL SIMULATIONS,3
ES4303,MARINE & AQUATIC ECOLOGY,3
ES4304,EYES ON EARTH - SATELLITE REMOTE SENSING,3
ES4901,OCEANOGRAPHY,3
ES4905,ENVIRONMENTAL SCIENCE & POLICY,3
ES4906,ENVIRONMENTAL HYDROLOGY,3
ES5001,NATURAL HAZARDS & SOCIETY,3
ES5002,EMERGENT LIFE,3
ES5003,BLUE PLANET: HOW THE OCEAN WORKS,3
ES5005,ENVIRONMENTAL EARTH SYSTEMS SCIENCE,3
ES5006,ENVIRONMENTAL SUSTAINABILITY,3
ES5007,CLIMATE & CLIMATE CHANGE,3
ES5008,BIODIVERSITY & NATURAL HISTORY OF SINGAPORE,3
ES5100,SUSTAINABILITY CAPSTONE PROJECT,3
ES9003,THE GENOME & SOCIETY,3
ET0001,ENTERPRISE & INNOVATION,1
ET5101,DEEP DIVE INTO ENTREPRENEURSHIP,3
ET5122,E-STARTUPS & SOCIAL MEDIA STRATEGIES,3
ET5131,VENTURING INTO ENTREPRENEURSHIP,3
ET5132,NEW VENTURE FINANCING,3
ET5133,MANAGING GROWING ENTERPRISES,3
ET5134,ENTERPRISE STRATEGY,3
ET5135,BUSINESS VENTURE IMPLEMENTATION,3
ET5211,ENTREPRENEURIAL MINDSET & TECHNOLOGY INNOVATION,3
ET5212,ENTREPRENEURIAL ECOSYSTEM,3
ET5213,MANAGING NEW VENTURES,3
ET5214,FINANCING ENTREPRENEURIAL VENTURES,3
ET5215,ENTREPRENEURIAL BUSINESS DEVELOPMENT,3
ET5216,VENTURE CAPITAL INVESTMENT & PRACTICES,4
ET5217,DESIGN & SYSTEMS THINKING FOR ENTREPRENEURS,4
ET5218,INNOVATION & COMMERCIALIZATION OF TECHNOLOGIES,3
FE1073,AN INTRODUCTION TO ENGINEERING & PRACTICES,1
FL5001,INTRODUCTION TO FILM STUDIES,3
GC0001,SUSTAINABILITY: SEEING THROUGH THE HAZE,1
HA1001,INTRODUCTION TO INTERNATIONAL RELATIONS & FOREIGN POLICY,3
HA1002,INTRODUCTION TO POLITICAL THEORY,3
HA1003,INTRODUCTION TO PUBLIC ADMINISTRATION & POLICY,3
HA1011,POLITICS OF SINGAPORE,3
HA1012,FUNDAMENTALS OF POLITICS,3
HA2003,POLITICS & GOVERNMENT IN SOUTHEAST ASIA,3
HA2004,THEORIES IN INTERNATIONAL RELATIONS,3
HA2005,CONTEMPORARY POLITICAL THEORY,3
HA2014,PUBLIC ORGANIZATION THEORY,3
HA2017,FOREIGN POLICY ANALYSIS,3
HA2023,RESEARCH METHODOLOGY IN SOCIAL SCIENCES,3
HA2024,STATISTICAL ANALYSIS FOR PUBLIC AFFAIRS I,3
HA2026,AMERICAN FOREIGN POLICY,3
HA2028,ETHICS IN PUBLIC POLICY MAKING & IMPLEMENTATION,3
HA3002,POLITICAL ANTHROPOLOGY,3
HA3014,SINGAPORE'S FOREIGN POLICY,3
HA3018,BORDERLESS MIGRATION?,3
HA3023,INTERNATIONAL SECURITY,3
HA3024,CHINA'S RE-EMERGENCE IN WORLD POLITICS,3
HA3026,CRISIS LEADERSHIP & MANAGEMENT,3
HA3028,POLITICAL PARTIES & ELECTIONS,3
HA3030,INNOVATION MANAGEMENT & POLICY,3
HA3033,QUALITATIVE RESEARCH METHODS FOR PUBLIC AFFAIRS,3
HA3037,COLD WAR IDEAS,3
HA3038,CIVIL-MILITARY RELATIONS IN SOUTHEAST ASIA,3
HA3080,SPECIAL TOPICS IN PUBLIC POLICY,3
HA3090,SPECIAL TOPICS IN GLOBAL AFFAIRS,3
HA3091,CROSS-STRAIT RELATIONS,3
HA3092,ANCIENT POLITICAL THOUGHT,3
HA3093,NON-WESTERN & GLOBAL INTERNATIONAL RELATIONS THEORIES,3
HA3094,INTERNATIONAL RELATIONS OF NORTHEAST ASIA,3
HA4001,ASEAN IN THE 21ST CENTURY,4
HA4011,"PUBLIC ADMINISTRATION: PAST, PRESENT, & FUTURE",4
HA4013,ADVANCED TOPICS IN DEMOCRATIC THEORY: DEMOCRACY & DIVISION,4
HA4017,ECONOMIC ISSUES FOR PUBLIC DECISION MAKING,4
HA4021,COMPARATIVE POLITICS IN ASIA,4
HA4022,INTERNATIONAL POLITICS OF THE ASIA-PACIFIC,4
HA4026,SELECTED TOPICS IN HEALTH CARE & AGEING,4
HA4030,INTERSTATE CONFLICT,4
HA4035,FOOD POLITICS & POLICIES,4
HA4038,CRITICAL INTERNATIONAL THEORY,4
HA4040,"HEALTH, DISEASE OUTBREAKS & POLITICS",4
HA4041,FILM & POLITICAL THEORY,4
HA4043,JAPANESE FOREIGN POLICY,4
HA4044,POLICY VALUES & DEBATES,4
HA4046,"CULTURE, ARTS & POLITICS",4
HA4066,WAR IN FILM,4
HA4067,GEOPOLITICS & GEOECONOMICS OF THE MEKONG REGION,4
HA4068,POLITICS IN THAILAND,4
HC1001,INTRODUCTION TO THE STUDY OF LITERATURE & CULTURE,3
HC1002,INTRODUCTION TO CHINESE LANGUAGE,3
HC1051,MODERN CHINESE,3
HC2001,"DIRECTED READINGS OF LITERARY WORKS: PRE-QIN,HAN,WEI & JIN",3
HC2003,DIRECTED READINGS OF LITERARY WORKS: TANG & SONG,3
HC2004,"DIRECTED READINGS OF LITERARY WORKS: YUAN, MING & QING",3
HC2006,INTRODUCTION TO CHINESE HISTORY,3
HC2007,DIRECTED READINGS OF LITERARY WORKS: PRE- QIN TO TANG,3
HC2008,DIRECTED READINGS OF LITERARY WORKS: SONG TO QING,3
HC2010,CLASSICAL CHINESE FICTION,3
HC2011,TANG POETRY,3
HC2018,"BOOK CULTURE, CHINESE PRINT HISTORY, & TECHNOLOGY",3
HC2030,CONTENTION OF A HUNDRED SCHOOLS OF THOUGHT: PRE-QIN THINKERS,3
HC2031,CONFUCIAN THOUGHT,3
HC2032,DIVISION & INTEGRATION: FROM CHUNQIU TO WUDAI,3
HC2040,UNDERSTANDING CHINA,3
HC2053,VARIETIES OF CHINESE,3
HC2054,UNDERSTANDING CLASSICAL CHINESE TEXTS,3
HC2055,FOUNDATIONS OF INTERACTIONAL ANALYSIS IN CHINESE,3
HC2060,CHINESE EDUCATION IN SOUTHEAST ASIA,3
HC2063,CHINESE LITERATURE IN SINGAPORE,3
HC3001,MODERN CHINESE LITERATURE,3
HC3002,HISTORY OF CHINESE THOUGHT,3
HC3003,SOUTHEAST ASIAN CHINESE,3
HC3011,STUDIES OF SU SHI'S LITERATURE & ART,3
HC3014,CULTURAL STUDIES OF CHINESE CINEMAS,3
HC3016,READINGS OF CLASSICAL CHINESE PROSE,3
HC3017,TEXT & IMAGE STUDIES,3
HC3018,"POSTHUMANISM IN CHINESE LITERATURE, FILM & CULTURE",3
HC3031,CONQUERING & CONQUERED DYNASTIES: FROM SONG TO QING,3
HC3044,TO BECOME BUDDHA & IMMORTAL: DAOISM & CHINESE BUDDHISM,3
HC3062,CHINESE OVERSEAS & CHINA,3
HC3063,CRITICAL STUDY OF SINGAPORE SOCIETY & CULTURE,3
HC4010,CLASSICAL CHINESE LITERARY THEORY,4
HC4013,GENDER & SEXUALITY IN CHINESE LITERATURE,4
HC4016,COMPARATIVE LITERATURE STUDIES: THEORY & PRACTICE,4
HC4021,HONG KONG LITERATURE & CULTURE IN GLOBAL PERSPECTIVE,4
HC4024,TEXT & IMAGE STUDIES ON AIGC (AI GENERATED CONTENT),4
HC4033,SPECIAL TOPICS IN CHINESE HISTORY & THOUGHT,4
HC4035,WESTERN INFLUENCES ON MODERN CHINESE THOUGHT,4
HC4042,CHINA & GLOBALISATION,4
HC4043,SPECIAL TOPICS IN MODERN CHINA,4
HC4044,LATE IMPERIAL & MODERN CHINA: HISTORY & SOCIAL CHANGE,4
HC4059,CHINESE-ENGLISH CONTRASTIVE LINGUISTICS,4
HC4060,GLOBALISATION & CHINESE OVERSEAS,4
HC4061,CHINESE MIGRATION,4
HC4062,SPECIAL TOPICS IN THE STUDIES OF ETHNIC CHINESE,4
HC4063,A STUDY OF SINOPHONE CULTURE IN SINGAPORE & MALAYSIA,4
HC4065,OVERSEAS CHINESE IN THE UNITED STATES,4
HC4080,ADVANCED INTERACTIONAL ANALYSIS IN CHINESE,4
HC5010,ANIMALS IN CHINESE CULTURE,3
HC7101,GRADUATE SEMINAR,3
HD0103,"DIGITAL HUMANITIES: ART, ART HISTORY & CULTURAL HERITAGE",3
HE1001,MICROECONOMICS I,3
HE1002,MACROECONOMICS I,3
HE1004,MATHEMATICS FOR ECONOMISTS,3
HE2001,MICROECONOMICS II,3
HE2002,MACROECONOMICS II,3
HE2003,ECONOMETRICS I,3
HE2021,PUBLIC ECONOMICS,3
HE2022,INDUSTRIAL ORGANIZATION & BUSINESS STRATEGIES,3
HE3001,MICROECONOMICS III,3
HE3002,MACROECONOMICS III,3
HE3003,ECONOMETRICS II,3
HE3004,MATHEMATICS FOR ECONOMISTS II,3
HE3005,ENVIRONMENTAL ECONOMICS,3
HE3010,MONEY & BANKING,3
HE3012,FINANCIAL ECONOMICS,3
HE3013,ECONOMICS OF CORPORATE FINANCE,3
HE3020,INTERNATIONAL ECONOMICS,3
HE3021,DEVELOPMENT ECONOMICS,3
HE3022,PUBLIC ECONOMICS,3
HE3023,LABOUR ECONOMICS,3
HE3024,ENVIRONMENTAL ECONOMICS,3
HE3025,HEALTH ECONOMICS,3
HE3026,URBAN ECONOMICS,3
HE3027,HOUSING ECONOMICS,3
HE3031,INDUSTRIAL ORGANIZATION & BUSINESS STRATEGIES,3
HE3032,GAME THEORY,3
HE3033,THE CHINESE ECONOMY,3
HE3035,ECONOMICS OF DIGITAL PLATFORMS,3
HE3102,INTRODUCTION TO INTERNATIONAL MACROECONOMICS,3
HE3112,FINANCIAL ACCOUNTING FOR ECONOMISTS,3
HE3125,ECONOMICS OF MENTAL HEALTH & WELL-BEING,3
HE3135,INTRODUCTION TO DIGITAL ECONOMICS,3
HE3601,MATHEMATICAL ECONOMICS,3
HE3602,GAME THEORY,3
HE3603,THE CHINESE ECONOMY,3
HE3621,INTERMEDIATE ECONOMETRICS,3
HE4010,SINGAPORE ECONOMY IN A GLOBALIZED WORLD,4
HE4040,BEHAVIORAL ECONOMICS,4
HE4041,COST-BENEFIT ANALYSIS,4
HE4042,SINGAPORE ECONOMY IN A GLOBALIZED WORLD,4
HE4043,FINANCE & DEVELOPMENT,4
HE4044,GROWTH THEORY & EMPIRICS,4
HE4045,QUANTITATIVE ECONOMICS WITH DATA SCIENCE,4
HE4046,BIG DATA: APPLICATIONS IN ECONOMIC & FINANCIAL ANALYSIS,4
HE4140,EXPERIMENTAL ECONOMICS,4
HE4143,HOUSEHOLD FINANCE,4
HE4203,MICROECONOMETRICS & PANEL DATA,4
HE4503,POLICY ANALYSIS USING STATA,4
HE4903,ADVANCED ECONOMETRICS,4
HE5091,PRINCIPLES OF ECONOMICS,3
HE5092,ECONOMIC THEORY,3
HF5101,INTRODUCTION TO CHINESE CREATIVE WRITING,3
HF5201,CREATIVE WRITING: CHINESE PROSE,3
HF5301,CREATIVE WRITING: CHINESE FICTION,3
HF5401,CREATIVE WRITING: CHINESE POETRY,3
HF5501,CREATIVE WRITING: CHINESE PLAYWRITING,3
HF5601,CREATIVE WRITING: CHINESE CROSSMEDIA WRITING,3
HF5701,ADVANCED CREATIVE WRITING: CHINESE PROSE,3
HF5801,ADVANCED CREATIVE WRITING: CHINESE FICTION,3
HF5901,CHINESE MEDIA WRITING,3
HG1001,MIND & MEANING,3
HG2001,MORPHOLOGY & SYNTAX,3
HG2002,SEMANTICS & PRAGMATICS,3
HG2003,PHONETICS & PHONOLOGY,3
HG2010,BILINGUALISM & MULTILINGUALISM,3
HG2013,CHILD LANGUAGE,3
HG2014,SECOND LANGUAGE ACQUISITION,3
HG2016,LANGUAGE & MUSIC,3
HG2017,FATHER-&-MOTHER-TONGUES: LANGUAGES OF SE ASIA,3
HG2018,NEURODIVERSITY & COMMUNICATIVE DISABILITIES,3
HG2020,LANGUAGE IN SOCIETY,3
HG2021,INTERCULTURAL COMMUNICATION,3
HG2023,LANGUAGE & GENDER,3
HG2031,HISTORY OF ENGLISH,3
HG2032,GLOBALISATION & WORLD ENGLISHES,3
HG2033,INTRODUCTION TO CONVERSATION ANALYSIS,3
HG2034,STRUCTURE OF MODERN ENGLISH,3
HG2035,SINGAPORE'S LANGUAGES,3
HG2051,LANGUAGE & THE COMPUTER,3
HG2052,"LANGUAGE, TECHNOLOGY & THE INTERNET",3
HG2054,PRAGMATICS OF AI LANGUAGE,3
HG2092,ANALYSING SPOKEN DISCOURSE,3
HG2094,WORD OF MOUTH: TRANSMISSION OF ORAL CULTURE,3
HG2096,WHAT'S IN A TEXT? - ANALYZING WRITTEN DISCOURSE,3
HG2097,WHAT'S IN A NAME?  A GENERAL INTRODUCTION TO ETYMOLOGY,3
HG2099,LANGUAGES OF THE WORLD,3
HG3005,STATISTICS FOR PSYCHOLINGUISTICS,3
HG3010,LANGUAGE & COMMUNICATION DISORDERS,3
HG3016,LANGUAGE & COGNITION IN BILINGUALISM & MULTILINGUALISM,3
HG3021,LANGUAGE CHANGE,3
HG3023,ANTHROPOLOGICAL LINGUISTICS,3
HG3031,METHODS IN SOCIOLINGUISTICS,3
HG3043,MALAY LINGUISTICS 1 - HISTORY & STRUCTURE,3
HG3047,EXPERIMENTING WITH SPOKEN LANGUAGE,3
HG4011,LANGUAGE & THE BRAIN,4
HG4013,MULTILINGUALISM ACROSS THE LIFESPAN,4
HG4014,DESIGNING INTERACTIVE ENVIRONMENTS FOR LEARNING,4
HG4015,PSYCHOLINGUISTICS,4
HG4021,LANGUAGE MAINTENANCE & SHIFT,4
HG4022,FORENSIC LINGUISTICS,4
HG4023,LANGUAGE PLANNING & POLICY,4
HG4024,SOCIAL THEORIES & LANGUAGE,4
HG4025,LINGUISTIC ETHNOGRAPHY,4
HG4031,MULTIMODALITY IN SITUATED CONTEXTS,4
HG4033,ADVANCED CONVERSATION ANALYSIS,4
HG4040,PHONOLOGICAL THEORY,4
HG4041,THEORIES OF GRAMMAR,4
HG4042,HOW & WHY LANGUAGES DIFFER,4
HG4043,LANGUAGE UNIVERSALS & LANGUAGE TYPES,4
HG4044,LANGUAGE EVOLUTION,4
HG4046,MALAY LINGUISTICS 2 - DIALECTOLOGY & LANGUAGE CONTACT,4
HG4047,PRAGMATIC THEORY,4
HG4048,COMPARATIVE CHINESE DIALECTOLOGY,4
HG4049,SEMANTIC ANALYSIS,4
HG4051,CORPUS LINGUISTICS,4
HG4054,LANGUAGE & SOCIETY THROUGH DATA ANALYTICS,4
HG4062,"LANGUAGE, CULTURE & SOCIETY IN SOUTHEAST ASIA",4
HG4073,MORPHOLOGY AT THE INTERFACES,4
HH1001,WHAT IS HISTORY?,3
HH1002,ASIA-PACIFIC IN GLOBAL HISTORY: PRE-1800,3
HH1003,ASIA-PACIFIC IN GLOBAL HISTORY: FROM 1800,3
HH1004,SCIENCE & TECHNOLOGY IN HISTORICAL PERSPECTIVE,3
HH1006,THE WEST IN GLOBAL HISTORY,3
HH1125,HISTORY & ARCHAEOLOGY: AN INTRODUCTION,3
HH2001,SINGAPORE: THE MAKING OF A COSMOPOLITAN CITY-STATE,3
HH2002,GENDER IN HISTORY,3
HH2004,THE ISLAMICATE WORLD,3
HH2005,FOUNDATIONS OF EAST ASIA,3
HH2006,MODERN EUROPEAN HISTORY,3
HH2008,FEASTING AND FASTING: FOOD & DRINK IN HISTORY,3
HH2011,ANCIENT & MEDIEVAL SOUTH ASIA,3
HH2021,"RACE, GENDER, CLASS & COLONIAL POWER",3
HH2026,"HEALTH, FOOD, & SPORTS IN MODERN KOREAN HISTORY",3
HH2027,"BLOOD, GERMS, & SICK BODIES: BIOMEDICINE IN HISTORY",3
HH2031,HISTORY OF FOOD IN CHINA,3
HH2046,URBAN HISTORY,3
HH3001,HISTORIOGRAPHY: THEORY & METHODS,3
HH3002,"SCIENCE, TECHNOLOGY & MEDICINE IN MODERN EAST ASIA",3
HH3003,MIGRATION & DIASPORA: CHIN EXP IN COMPARATIVE PERSPECTIVE,3
HH3004,COMPARATIVE BUSINESS HISTORY,3
HH3007,SOUTHEAST ASIAN-CHINA INTERACTIONS,3
HH3008,MODERN SOUTH ASIA,3
HH3013,COMPARATIVE HISTORY OF RACE SCIENCE,3
HH3017,WORLD ENVIRONMENTAL HISTORY,3
HH3022,WORLD WAR II & SOUTHEAST ASIA,3
HH3032,SCIENCE & RELIGION IN HISTORY,3
HH3033,BUDDHISM: A SOCIAL & INTELLECTUAL HISTORY,3
HH3036,SOUTH ASIA & THE WORLD,3
HH3039,MARITIME ASIA IN THE LONGUE DUREE,3
HH3040,HISTORY OF CHINESE MEDICINE,3
HH3041,HISTORY OF FEMINISM,3
HH3042,CLIMATE & SOCIETY IN HISTORICAL PERSPECTIVE,3
HH3043,CHINA'S CULTURAL REVOLUTION AS HISTORY & MEMORY,3
HH3045,COLD WAR IN ASIA: TRANSNATIONAL & MICRO APPROACHES,3
HH4003,THE SILK ROAD: OLD & NEW,4
HH4005,CULTURE AND HERITAGE: PERSPECTIVES FROM HISTORY,4
HH4006,THE GREEN EARTH: ISSUES IN ENVIRONMENTAL HISTORY,4
HH4012,INTELLECTUAL HISTORY OF MODERN CHINA,4
HH4015,FILM: A GLOBAL HISTORY,4
HH4016,TOPICS IN WORLD HISTORY,4
HH4020,"SCIENCE, TECHNOLOGY, & SCIENCE FICTION",4
HH4021,PUBLIC & APPLIED HISTORY,4
HH4024,"LINEAGE, RITUAL, & THE STATE IN ASIA",4
HH4025,"HISTORY OF DISEASE: HUMAN EVOLUTION, DISEASE & HEALTH",4
HH4029,"HISTORY OF MODERN CHINA & COLONIAL HONG KONG, C.1945-1997",4
HH4030,PREHISTORY & ARCHAEOLOGY IN EAST & SOUTHEAST ASIA,4
HH4031,HISTORY & ARCHAEOLOGY OF ANCIENT CHINA,4
HH4046,THE URBAN COAST,4
HH4090,SPECIAL TOPICS IN HISTORY- GLOBAL ASIA,4
HH4091,SPECIAL TOPICS IN HISTORY- INTERDISCIPLINARY HISTORY,4
HH4092,SPECIAL TOPICS IN HISTORY- WORLD HISTORY,4
HH4125,COLONIAL ARCHAEOLOGY OF SOUTHEAST ASIA,4
HJ5001,INTRODUCTION TO HEALTH & SOCIETY,3
HL0201,"IMAGES OF SINGAPORE: LITERATURE, FILM & CULTURE",3
HL1001,INTRODUCTION TO THE STUDY OF LITERATURE,3
HL1002,SURVEY OF ENGLISH LITERATURE 1,3
HL1003,SURVEY OF ENGLISH LITERATURE II,3
HL1005,INTRODUCTION TO SINGAPORE LITERATURE,3
HL1006,INTRODUCTION TO AMERICAN LITERATURE,3
HL2001,MEDIEVAL LITERATURE,3
HL2002,RENAISSANCE LITERATURE,3
HL2004,SENSIBILITY & ROMANTICISM,3
HL2005,VICTORIAN LITERATURE,3
HL2007,CONTEMPORARY LITERATURE & CULTURE,3
HL2012,ASIAN-AMERICAN LITERATURE,3
HL2020,CREATIVE WRITING WORKSHOP,3
HL2021,LITERATURE OF EMPIRE,3
HL2022,SOUTH ASIAN LITERATURE,3
HL2024,APPROACHES TO LITERATURE,3
HL2026,READING DRAMA,3
HL2027,EARLY AMERICAN LITERATURE,3
HL2028,NINETEENTH CENTURY AMERICAN LITERATURE & CULTURE,3
HL2030,POST 1945 AMERICAN LITERATURE & CULTURE,3
HL2032,AFRICAN LITERATURE,3
HL2040,ADAPTING GREEK MYTHOLOGY,3
HL2041,ASIAN HISTORICAL FICTION,3
HL2042,CHILDREN'S LITERATURE,3
HL2043,FANTASY LITERATURE,3
HL2045,WORKSHOP IN THEATRE PRACTICE,3
HL2090,SPECIAL TOPIC IN LITERATURE I,3
HL3001,FILM THEORY,3
HL3002,"FILM, POLITICS & ETHICS",3
HL3003,FILM & LITERATURE,3
HL3004,WORLD CINEMA,3
HL3006,MODERN DRAMA,3
HL3011,SCIENCE FICTION:ORIGINS TO PARODY,3
HL3012,THE DISCOURSE OF LOVE,3
HL3014,LATIN AMERICAN LITERATURE,3
HL3016,GENDER & SEXUALITY STUDIES,3
HL3024,CONTEMPORARY WOMEN'S WRITING,3
HL3030,MAJOR AUTHOR STUDY: SHAKESPEARE,3
HL3036,THE HISTORY OF THE BOOK,3
HL3037,THE ENVIRONMENT & CULTURAL PRODUCTION,3
HL3038,THEATRE OF THE ABSURD,3
HL3040,GENDER & DIVERSITY,3
HL3041,GLOBAL CITIES IN WORLD LITERATURE,3
HL3042,GOTHIC LITERATURE,3
HL3043,MODERNIST SOUNDSCAPES,3
HL3044,THE LEGENDS OF KING ARTHUR,3
HL3045,THE POETRY OF PRECARITY,3
HL3046,LITERATURE & EVIL,3
HL3090,SPECIAL TOPICS IN LITERATURE II,3
HL4009,POPULAR LITERATURE & CULTURE,4
HL4013,ADVANCED STUDIES IN LITERATURE & CULTURE,4
HL4014,ADVANCED STUDIES IN FILM,4
HL4015,ADVANCED STUDIES IN MEDIEVAL LITERATURE,4
HL4017,ADV STUDIES IN RESTORATION & EIGHTEENTH-CENTURY LITERATURE,4
HL4018,ADVANCED STUDIES IN ROMANTICISM,4
HL4019,ADVANCED STUDIES IN VICTORIAN LITERATURE,4
HL4020,ADVANCED STUDIES IN MODERNIST LITERATURE,4
HL4023,ADVANCED STUDIES IN AMERICAN LITERATURE,4
HL4024,ADVANCED STUDIES IN CONTEMPORARY LITERATURE,4
HL4031,COMPARATIVE LITERATURE,4
HL4033,MAJOR AUTHOR STUDY: JAMES JOYCE,4
HL4034,BRITISH ASIAN LITERATURE,4
HL4036,LITERATURE & MEDICINE,4
HL4038,ADVANCED STUDIES IN POSTCOLONIAL LITERATURE,4
HL4039,ADVANCED STUDIES IN CHILDREN'S LITERATURE,4
HL4040,LITERATURE & ART,4
HL4042,BEING HUMAN IN FILM & LITERATURE,4
HL5002,"IMAGES OF SINGAPORE: LITERATURE, FILM & CULTURE",3
HN5010,SINGAPORE: IMAGINING THE NEXT 50 YEARS,3
HP1000,INTRODUCTION TO PSYCHOLOGY,3
HP1100,FUNDAMENTALS OF SOCIAL SCIENCE RESEARCH,3
HP2100,RESEARCH DESIGN & DATA ANALYSIS IN PSYCHOLOGY,3
HP2200,BIOLOGICAL PSYCHOLOGY,3
HP2300,DEVELOPMENTAL PSYCHOLOGY,3
HP2400,SOCIAL PSYCHOLOGY,3
HP2500,PERSONALITY & INDIVIDUAL DIFFERENCES,3
HP2600,COGNITIVE PSYCHOLOGY,3
HP2700,ABNORMAL PSYCHOLOGY,3
HP3002,POSITIVE PSYCHOLOGY,3
HP3101,APPLIED STATISTICAL METHODS FOR PSYCHOLOGICAL RESEARCH,3
HP3201,EVOLUTIONARY PSYCHOLOGY,3
HP3202,PRIMATE BEHAVIOURAL ECOLOGY,3
HP3203,CONSERVATION PSYCHOLOGY,3
HP3204,AN APE'S GUIDE TO HUMAN LANGUAGE,3
HP3205,ANIMAL BEHAVIOR,3
HP3206,ENVIRONMENTAL PSYCHOLOGY,3
HP3303,GEROPSYCHOLOGY,3
HP3305,ADOLESCENCE,3
HP3402,SOCIAL COGNITION,3
HP3502,PSYCHOLOGY OF EMOTION,3
HP3601,HUMAN MEMORY,3
HP3702,CHILD PSYCHOPATHOLOGY,3
HP3703,HEALTH PSYCHOLOGY,3
HP3708,BIOPSYCHOSOCIAL CRIMINOLOGY,3
HP3802,PERSONNEL PSYCHOLOGY,3
HP3804,PSYCHOLOGICAL TESTING,3
HP3807,OCCUPATIONAL HEALTH PSYCHOLOGY,3
HP3901,CULTURAL PSYCHOLOGY,3
HP4002,QUALITATIVE METHODS IN PSYCHOLOGY,4
HP4012,APPLIED MULTIVARIATE METHODS FOR PSYCHOLOGICAL RESEARCH,4
HP4021,LABORATORY IN HUMAN & ANIMAL NEUROSCIENCE,4
HP4041,LABORATORY IN SOCIAL PSYCHOLOGY,4
HP4051,LABORATORY IN PERSONALITY & INDIVIDUAL DIFFERENCES,4
HP4061,LABORATORY IN COGNITIVE PSYCHOLOGY,4
HP4063,RESEARCH LAB IN LANGUAGE IN PERCEPTION & THOUGHT,4
HP4081,LABORATORY IN INDUSTRIAL & ORGANIZATIONAL PSYCHOLOGY,4
HP4101,LEGAL & COURTROOM PSYCHOLOGY,4
HP4102,TRAUMA PSYCHOLOGY & CRISIS MANAGEMENT,4
HP4103,FORENSIC & CRIMINAL PSYCHOLOGY,4
HP4104,EVIDENCE-BASED PRACTICE IN CLINICAL PSYCHOLOGY,4
HP4105,CORRECTIONAL PSYCHOLOGY,4
HP4106,MENTAL HEALTH IN THE COMMUNITY,4
HP4107,INDUSTRIAL-ORGANISATIONAL PSYCHOLOGY IN PRACTICE,4
HP4108,PSYCHOLOGICAL THERAPIES & COUNSELLING,4
HP4109,CLINICAL INTERVIEWING & COUNSELLING SKILLS,4
HP4202,CRIMINAL BEHAVIOUR,4
HP4232,PSYCHOLOGY OF SELF-REGULATION,4
HP4242,ADVANCED TOPICS IN SOCIAL COGNITION,4
HP4251,HUMAN MOTIVATION,4
HP4261,SEMINAR IN PERCEPTUAL & COGNITIVE NEUROSCIENCES	,4
HP4262,MULTISENSORY INTEGRATION,4
HP4271,COGNITIVE NEUROPLASTICITY,4
HP4273,INTRODUCTION TO FUNCTIONAL NEUROIMAGING,4
HP4274,"THE LAST DANCE: PERSPECTIVES OF DEATH, DYING & BEREAVEMENT",4
HP4281,SEMINAR IN SELECTED TOPICS: PSYCHOLOGY OF LEADERSHIP,4
HQ5010,INTRODUCTION TO GENDER & DIVERSITY,3
HR1001,WAYS OF SEEING: EXPLORING VISUAL CULTURE,3
HR2001,INTRODUCTION TO THE HISTORIES OF SOUTHEAST ASIAN ART,3
HR2002,ISSUES IN ART HISTORY & THEORY,3
HR2004,"SURVEY OF MODERN ART,1900-1945",3
HR2006,MODERN & CONTEMPORARY CHINESE ART,3
HR2007,CONTEMPORARY SOUTHEAST ASIAN ART,3
HR2008,FAITH & ART,3
HR2009,CONTEMPORARY CURATING,3
HR2010,INTRODUCTION TO MUSEUM STUDIES,3
HR2012,"CRITICAL VISUAL ANTHROPOLOGY: MUSEUM, DISPLAY, FILM",3
HR3001,"CITIES,BODIES,MEMORIES,ART & EVERYDAY LIFE IN CONTEMP SPORE",3
HR3002,ISSUES IN GLOBAL CONTEMPORARY ART,3
HR3003,FROM MODERN TO POST-MODERN: ART 1945-1985,3
HR3004,ART IN THE AGE OF COLONIALISM,3
HR3005,THE FANTASTIC IN WESTERN VISUAL ARTS,3
HR3006,20TH CENTURY SOUTHEAST ASIAN ART: BEING MODERN	,3
HR3007,JAPANESE ART: EDO TO CONTEMPORARY,3
HR3009,19TH CENTURY SOUTHEAST ASIAN ART: INTERACTIONS & REFRACTIONS,3
HR3010,WEIRD ART WRITING,3
HR3011,SHALL WE DANCE?: THE ART OF POPULAR DANCE ON SCREEN,3
HR4001,EXHIBITION HISTORIES: MUSEUMS TO BIENNALES,4
HR4002,BRITISH ART: 1815 -1929,4
HR4003,FROM COLONIALISM  TO TOURISM: EARLY PHOTOGRAPHY IN ASIA,4
HR4005,STUDIES IN ART CRITICISM & CULTURE,4
HR7003,ADVANCED STUDIES IN SOUTHEAST ASIAN ART HISTORIES,3
HS0101,"DIGITAL LITERACY, CULTURE & SOCIETY",3
HS0301,ENVIRONMENTAL SUSTAINABILITY,3
HS1001,PERSON & SOCIETY,3
HS1002,SINGAPORE SOCIETY IN TRANSITION,3
HS1003,SOCIAL PROBLEMS IN A GLOBAL CONTEXT,3
HS2001,CLASSICAL SOCIAL THEORY,3
HS2002,DOING SOCIAL RESEARCH,3
HS2003,ECONOMY & SOCIETY,3
HS2007,UNDERSTANDING GLOBALIZATION,3
HS2009,SOCIOLOGY OF THE LIFE COURSE,3
HS2010,SMART CITIES & SOCIETY,3
HS2014,THE CHANGING FAMILY,3
HS2019,SOCIOLOGY OF SCIENCE & TECHNOLOGY,3
HS2022,POPULATION & SOCIETY,3
HS2023,ENVIRONMENTAL SOCIOLOGY,3
HS2026,DEVIANCE & SOCIETY,3
HS2028,GRAYING SOCIETY: ISSUES & CHALLENGES,3
HS2029,SOCIAL POLICY & SOCIAL CHANGE,3
HS3001,CONTEMPORARY SOCIAL THEORY,3
HS3002,UNDERSTANDING SOCIAL STATISTICS,3
HS3004,CITIES & URBAN LIFE,3
HS3014,"HEALTH, MEDICINE & SOCIETY",3
HS3015,DEVELOPMENT & SOCIAL CHANGE,3
HS3017,SOCIOLOGY OF TOURISM,3
HS3018,SOCIOLOGY OF GENDER,3
HS3054,SOCIAL PSYCHOLOGY,3
HS4001,RESEARCH PRACTICUM I: QUALITATIVE SOCIAL RESEARCH,4
HS4002,RESEARCH PRACTICUM II: QUANTITATIVE SOCIAL RESEARCH,4
HS4012,SOCIOLOGY OF GREEN TRANSFORMATIONS,4
HS4013,YOUTH CULTURES & SUBCULTURES,4
HS4015,SOCIOLOGY OF REPRODUCTION,4
HS4022,SOCIOLOGY OF ISLAM IN THE MALAY WORLD,4
HS4023,SOCIOLOGY OF RISK & CRISIS,4
HS4026,"GODS,GHOSTS & ANCESTORS:EXPLORATIONS IN CHINESE RELIGIONS",4
HS4027,CULTURAL POLITICS OF DEVELOPMENT & THE ENVIRONMENT,4
HS4028,MIGRATION & DEVELOPMENT IN A GLOBALIZING WORLD,4
HS4030,SOCIAL SCIENCE FICTION,4
HS4031,GLOBAL CITIES,4
HS4039,MEDICAL SOCIOLOGY,4
HS4080,HONOURS SEMINAR IN APPLIED SOCIOLOGY,4
HS4090,HONOURS SEMINAR IN CURRENT SOCIOLOGY,4
HS4901,RESEARCH PRACTICUM I: QUALITATIVE SOCIAL RESEARCH,4
HS4902,RESEARCH PRACTICUM II: QUANTITATIVE SOCIAL RESEARCH,4
HT5101,"TRANSLATION: HISTORIES, THEORIES & PRINCIPLES",3
HT5102,LANGUAGE FOUNDATION FOR TRANSLATION,3
HT5201,TRANSLATION: TECHNIQUES & PRACTICES,3
HT5202,AUDIOVISUAL TRANSLATION,3
HT5301,"LINGUISTICS, CULTURE & TRANSLATION",3
HT5401,"TRANSLATION: APPRECIATION, CRITICISM & EVALUATION",3
HU2003,THE GEOGRAPHIES OF UNEVEN DEVELOPMENT,3
HU5001,INTRODUCTION TO HUMAN GEOGRAPHY,3
HV5001,INTRODUCTION TO ENVIRONMENTAL HUMANITIES,3
HW0001,INTRODUCTION TO ACADEMIC COMMUNICATION,0
HW0205,ACADEMIC COMMUNICATION IN THE HUMANITIES,2
HW0206,ACADEMIC COMMUNICATION IN CHINESE STUDIES,2
HW0207,ACADEMIC COMMUNICATION IN LINGUISTICS,2
HW0208,ACADEMIC COMMUNICATION IN THE SOCIAL SCIENCES,2
HW0218,COMMUNICATION ACROSS THE SCIENCES,2
HW0288,ENGINEERING COMMUNICATION,2
HY0001,ETHICS & MORAL REASONING,1
HY1001,INTRODUCTION TO PHILOSOPHY,3
HY1002,SYMBOLIC LOGIC,3
HY2002,MORAL PHILOSOPHY,4
HY2003,INTRODUCTION TO CHINESE PHILOSOPHY,3
HY2005,POLITICAL PHILOSOPHY,3
HY2010,ANCIENT PHILOSOPHY,3
HY2015,PHILOSOPHY OF WELL-BEING,3
HY2016,FRIENDSHIP,3
HY2028,FOOD ETHICS,3
HY2903,INTRODUCTION TO CHINESE PHILOSOPHY,3
HY2905,POLITICAL PHILOSOPHY,3
HY2910,ANCIENT PHILOSOPHY,3
HY3001,EXISTENTIALISM,3
HY3010,PHILOSOPHY OF SCIENCE,3
HY3011,PHILOSOPHY OF MIND,3
HY3012,PHILOSOPHY OF TECHNOLOGY,3
HY3018,EPISTEMOLOGY,3
HY3021,PHILOSOPHY OF RACE & GENDER,3
HY3910,PHILOSOPHY OF SCIENCE,3
HY3911,PHILOSOPHY OF MIND,3
HY3912,PHILOSOPHY OF TECHNOLOGY,3
HY3918,EPISTEMOLOGY,3
HY4002,KNOWLEDGE & REALITY,4
HY4003,ADVANCED EPISTEMOLOGY,4
HY4008,ADVANCED MORAL PHILOSOPHY,4
HY4009,VALUE THEORY,4
HY4010,NEO-CONFUCIANISM,4
HY4015,PHILOSOPHICAL METHODOLOGIES,4
HY4021,PRACTICAL RATIONALITY,4
HY4025,ETHICS & PUBLIC POLICY,4
HY4026,SOCIAL EPISTEMOLOGY,4
HY4038,"SCIENCE, TECHNOLOGY, & LIFEWORLD",4
HY4039,ETHICS OF WAR,4
HY4040,THE MEANING OF LIFE,4
HY4041,PHILOSOPHY OF QUANTUM MECHANICS,4
HY4042,IMAGINATION,4
HY4044,INTERCULTURAL PHILOSOPHY: CHINESE & CONTINENTAL,4
HY4110,SPECIAL TOPICS IN PHILOSOPHY OF SCIENCE,4
HY4112,SPECIAL TOPICS IN PHILOSOPHY,4
HY4113,SPECIAL TOPICS IN CHINESE PHILOSOPHY,4
HY4116,PHENOMENOLOGY,4
HY4118,INDEPENDENT STUDY I,4
HY4120,SPECIAL TOPICS IN PHILOSOPHY OF SCIENCE II,4
HY4122,SPECIAL TOPICS IN PHILOSOPHY II,4
HY4123,SPECIAL TOPICS IN CHINESE PHILOSOPHY II,4
HY4131,SPECIAL TOPICS IN ETHICS III,4
HY4132,SPECIAL TOPICS IN PHILOSOPHY III,4
HZ5101,INTRODUCTION TO CREATIVE WRITING,3
HZ5201,CREATIVE WRITING:POETRY,3
HZ5202,CREATIVE WRITING:FICTION,3
HZ5204,CREATIVE WRITING: PLAYWRITING,3
HZ5205,CREATIVE WRITING:SCREENWRITING,3
HZ5301,ADVANCED CREATIVE WRITING,3
IE0005,INTRODUCTION TO DATA SCIENCE & ARTIFICIAL INTELLIGENCE,3
IE1005,FROM COMPUTATIONAL THINKING TO PROGRAMMING,3
IE2104,DIGITAL ELECTRONICS,3
IE2106,ENGINEERING MATHEMATICS I,3
IE2107,ENGINEERING MATHEMATICS II,3
IE2108,DATA STRUCTURES & ALGORITHMS IN PYTHON,3
IE2110,SIGNALS & SYSTEMS,3
IE3012,COMMUNICATION PRINCIPLES,3
IE3014,DIGITAL SIGNAL PROCESSING,3
IE3017,COMPUTER COMMUNICATIONS,3
IE3102,MICROPROCESSORS,3
IE4001,SOFTWARE ENGINEERING,3
IE4120,OPTICAL COMMUNICATION SYSTEM DESIGN,3
IE4129,WIRELESS SYSTEM DESIGN,3
IE4154,DIGITAL & TELECOMMUNICATIONS SYSTEMS,3
IE4155,WIRELESS COMMUNICATIONS & MOBILE NETWORKS,3
IE4424,MACHINE LEARNING DESIGN & APPLICATION,3
IE4476,IMAGE PROCESSING & COMPUTER VISION,3
IE4483,ARTIFICIAL INTELLIGENCE & DATA MINING,3
IE4497,PATTERN RECOGNITION & DEEP LEARNING,3
IE4727,WEB APPLICATION DESIGN,3
IE4728,ENTERPRISE NETWORK DESIGN,3
IE4756,COMPUTER ARCHITECTURE,3
IE4758,INFORMATION SECURITY,3
IE4791,DATABASE SYSTEMS,3
IM1002,ANALOG ELECTRONICS,3
IM1003,OBJECT-ORIENTED PROGRAMMING,3
IM2073,INTRODUCTION TO DESIGN & PROJECT,2
IM3180,DESIGN & INNOVATION PROJECT,3
LA5001,ARABIC LANGUAGE LEVEL 1,3
LA5002,ARABIC LANGUAGE LEVEL 2,3
LA5003,ARABIC LANGUAGE LEVEL 3,3
LA5004,ARABIC LANGUAGE LEVEL 4,3
LA5101,ADVANCED ARABIC LANGUAGE,3
LC5001,CHINESE LANGUAGE LEVEL 1,3
LC5002,CHINESE LANGUAGE LEVEL 2,3
LC5003,CHINESE LANGUAGE LEVEL 3,3
LC5004,CHINESE LANGUAGE LEVEL 4,3
LC5101,BUSINESS CHINESE,3
LF5001,FRENCH LANGUAGE LEVEL 1,3
LF5002,FRENCH LANGUAGE LEVEL 2,3
LF5003,FRENCH LANGUAGE LEVEL 3,3
LF5004,FRENCH LANGUAGE LEVEL 4,3
LF5005,FRENCH LANGUAGE LEVEL 5,3
LF5006,FRENCH LANGUAGE LEVEL 6,3
LF5007,FRENCH LANGUAGE LEVEL 7,3
LF5008,FRENCH LANGUAGE LEVEL 8,3
LG5001,GERMAN LANGUAGE LEVEL 1,3
LG5002,GERMAN LANGUAGE LEVEL 2,3
LG5003,GERMAN LANGUAGE LEVEL 3,3
LG5004,GERMAN LANGUAGE LEVEL 4,3
LG5005,GERMAN LANGUAGE LEVEL 5,3
LH5001,HINDI LANGUAGE LEVEL 1,3
LH5002,HINDI LANGUAGE LEVEL 2,3
LI5001,ITALIAN LANGUAGE LEVEL 1,3
LI5002,ITALIAN LANGUAGE LEVEL 2,3
LI5003,ITALIAN LANGUAGE LEVEL 3,3
LJ5001,JAPANESE LANGUAGE LEVEL 1,3
LJ5002,JAPANESE LANGUAGE LEVEL 2,3
LJ5003,JAPANESE LANGUAGE LEVEL 3,3
LJ5004,JAPANESE LANGUAGE LEVEL 4,3
LJ5005,JAPANESE LANGUAGE LEVEL 5,3
LJ5006,JAPANESE LANGUAGE LEVEL 6,3
LJ5007,JAPANESE LANGUAGE LEVEL 7,3
LK5001,KOREAN LANGUAGE LEVEL 1,3
LK5002,KOREAN LANGUAGE LEVEL 2,3
LK5003,KOREAN LANGUAGE LEVEL 3,3
LK5004,KOREAN LANGUAGE LEVEL 4,3
LK5005,KOREAN LANGUAGE LEVEL 5,3
LK5006,KOREAN LANGUAGE LEVEL 6,3
LK5007,KOREAN LANGUAGE LEVEL 7,3
LK5901,KOREAN CULTURE & SOCIETY I,3
LK5902,KOREAN CULTURE & SOCIETY II,3
LL5001,SINGAPORE SIGN LANGUAGE LEVEL 1,3
LL5002,SINGAPORE SIGN LANGUAGE LEVEL 2,3
LM5001,MALAY LANGUAGE LEVEL 1,3
LM5002,MALAY LANGUAGE LEVEL 2,3
LM5003,MALAY LANGUAGE LEVEL 3,3
LM5004,MALAY LANGUAGE LEVEL 4,3
LM5005,MALAY LEVEL 5,3
LR5001,RUSSIAN LANGUAGE LEVEL 1,3
LR5002,RUSSIAN LANGUAGE LEVEL 2,3
LR5003,RUSSIAN LANGUAGE LEVEL 3,3
LR5004,RUSSIAN LANGUAGE LEVEL 4,3
LS5001,SPANISH LANGUAGE LEVEL 1,3
LS5002,SPANISH LANGUAGE LEVEL 2,3
LS5003,SPANISH LANGUAGE LEVEL 3,3
LS5004,SPANISH LANGUAGE LEVEL 4,3
LS5005,SPANISH LANGUAGE LEVEL 5,3
LT5001,THAI LANGUAGE LEVEL 1,3
LT5002,THAI LANGUAGE LEVEL 2,3
LT5003,THAI LANGUAGE LEVEL 3,3
LT5004,THAI LANGUAGE LEVEL 4,3
LV5001,VIETNAMESE LANGUAGE LEVEL 1,3
LV5002,VIETNAMESE LANGUAGE LEVEL 2,3
MA0218,INTRODUCTION TO DATA SCIENCE & ARTIFICIAL INTELLIGENCE,3
MA0303,HUMAN RESOURCE MANAGEMENT,3
MA1001,DYNAMICS,3
MA1008,INTRODUCTION TO COMPUTATIONAL THINKING,3
MA1601,INTRODUCTION TO ROBOTICS,2
MA1602,ROBOTICS PROGRAMMING FUNDAMENTALS,3
MA1603,INTRODUCTION TO EMBEDDED SYSTEMS,3
MA1700,AEROSPACE DISCOVERY COURSE,1
MA2001,MECHANICS OF MATERIALS,3
MA2002,THEORY OF MECHANISM,3
MA2003,INTRODUCTION TO THERMO-FLUIDS,3
MA2005,ENGINEERING GRAPHICS,3
MA2006,ENGINEERING MATHEMATICS,3
MA2007,THERMODYNAMICS,3
MA2009,INTRODUCTION TO ELECTRICAL CIRCUITS & ELECTRONIC DEVICES,3
MA2011,MECHATRONICS SYSTEM INTERFACING,3
MA2012,INTRODUCTION TO MECHATRONICS SYSTEMS DESIGN,3
MA2013,CREATIVE THINKING & DESIGN,3
MA2014,PRODUCT PRESENTATION,3
MA2024,ENGINEERING MATERIALS & MANUFACTURING PROCESSES,3
MA2071,LABORATORY EXPERIMENTS (ME),1
MA2072,LABORATORY EXPERIMENTS (AE),1
MA2079,ENGINEERING INNOVATION & DESIGN,2
MA2700,AEROSPACE MATERIALS & MANUFACTURING PROCESSES,3
MA2701,FLIGHT PERFORMANCE,2
MA3001,MACHINE ELEMENT DESIGN,3
MA3002,SOLID MECHANICS & VIBRATION,3
MA3003,HEAT TRANSFER,3
MA3004,MATHEMATICAL METHODS IN ENGINEERING,3
MA3005,CONTROL THEORY,3
MA3006,FLUID MECHANICS,3
MA3010,THERMODYNAMICS & HEAT TRANSFER,3
MA3071,ENGINEERING EXPERIMENTS (ME),1
MA3072,ENGINEERING EXPERIMENTS (AE),1
MA3700,AIRCRAFT STRUCTURES I,3
MA3701,AERODYNAMICS,3
MA3702,AIRCRAFT PROPULSION,3
MA3703,FLIGHT DYNAMICS,2
MA3704,AIRCRAFT ELECTRICAL DEVICES,3
MA3705,AEROSPACE CONTROL THEORY,3
MA4001,ENGINEERING DESIGN,4
MA4002,FLUID DYNAMICS,3
MA4011,ENGINEERING PRODUCT DESIGN,4
MA4012,MECHATRONICS ENGINEERING DESIGN,4
MA4013,MANUFACTURING ENGINEERING DESIGN,4
MA4701,AIRCRAFT DESIGN,3
MA4702,AIRCRAFT STRUCTURES II,3
MA4704,AEROELASTICITY,3
MA4705,AIRCRAFT NAVIGATION & FLIGHT COMPUTERS,3
MA4804,OPTIMIZATION THEORY & APPLICATIONS,3
MA4807,MARINE STRUCTURAL INTEGRITY,3
MA4808,MARINE CONTROL SYSTEMS,3
MA4811,PSYCHROMETRY & AIR CONDITIONING,3
MA4813,BUILDING SERVICES ENGINEERING,3
MA4814,COMPUTATIONAL FLUID DYNAMICS,3
MA4819,ENERGY TECHNOLOGIES FOR SUSTAINABILITY,3
MA4822,MEASUREMENTS & SENSING SYSTEMS,3
MA4825,ROBOTICS,3
MA4829,MACHINE INTELLIGENCE,3
MA4830,REALTIME SOFTWARE FOR MECHATRONIC SYSTEMS,3
MA4831,COMPUTER-AIDED ENGINEERING,3
MA4832,MICROPROCESSOR SYSTEMS,3
MA4842,ENGINEERING METROLOGY &  MATERIALS CHARACTERIZATION,3
MA4843,MANAGEMENT OF PRODUCT DEVELOPMENT,3
MA4845,ADDITIVE MANUFACTURING IN INDUSTRY 4.0,3
MA4846,SUSTAINABLE DESIGN,3
MA4849,OPERATIONS RESEARCH,3
MA4850,SUPPLY CHAIN & LOGISTICS MANAGEMENT,3
MA4853,MANUFACTURING SYSTEMS,3
MA4854,QUALITY ASSURANCE & MANAGEMENT,3
MA4856,NAVAL ARCHITECTURE & MARINE ENGINEERING,3
MA4858,PRODUCT DESIGN,3
MA4870,MECHANICS OF COMPOSITE MATERIALS,3
MA4871,NON-DESTRUCTIVE TESTING,3
MA4872,AIRCRAFT RELIABILITY & MAINTAINABILITY,3
MA4878,AUTONOMOUS FLIGHT,3
MA4880,AIRPORT OPERATIONS & SYSTEMS,3
MA4881,AIR TRAFFIC MANAGEMENT,3
MA4882,ADVANCED MANUFACTURING & MATERIALS PROCESSING,3
MA4884,SYSTEMS THINKING & SYSTEMS ENGINEERING,3
MA4890,AUTONOMOUS DRIVING,3
MA4891,AI/ML TO ENGINEERING APPLICATIONS,3
MA4892,ENGINEERING PROJECT MANAGEMENT: PRINCIPLES & PRACTICE,3
MA5005,START UP: GETTING FROM ZERO TO MILLIONS,3
MA5006,FROM ZERO TO MILLIONS - VENTURE CAPITAL,3
MH1100,CALCULUS I,4
MH1101,CALCULUS II,4
MH1200,LINEAR ALGEBRA I,4
MH1201,LINEAR ALGEBRA II,4
MH1300,FOUNDATIONS OF MATHEMATICS,4
MH1301,DISCRETE MATHEMATICS,3
MH1403,ALGORITHMS & COMPUTING,3
MH1802,CALCULUS FOR THE SCIENCES,4
MH1803,CALCULUS FOR PHYSICS,4
MH1805,CALCULUS,4
MH1810,MATHEMATICS 1,3
MH1811,MATHEMATICS 2,3
MH1812,DISCRETE MATHEMATICS,3
MH1820,INTRODUCTION TO PROBABILITY & STATISTICAL METHODS,3
MH2100,CALCULUS III,4
MH2220,ALGEBRA I,3
MH2500,PROBABILITY,4
MH2510,STATISTICS I,3
MH2801,COMPLEX METHODS FOR THE SCIENCES,3
MH2802,LINEAR ALGEBRA FOR SCIENTISTS,3
MH2811,MATHEMATICS II,3
MH2814,PROBABILITY & STATISTICS,3
MH3100,REAL ANALYSIS I,4
MH3101,COMPLEX ANALYSIS,4
MH3110,ORDINARY DIFFERENTIAL EQUATIONS,4
MH3210,NUMBER THEORY,4
MH3220,ALGEBRA II,4
MH3300,GRAPH THEORY,4
MH3400,ALGORITHMS FOR THE REAL WORLD,4
MH3401,SIGNAL & NOISE IN BIOLOGY,3
MH3500,STATISTICS,4
MH3510,REGRESSION ANALYSIS,4
MH3511,DATA ANALYSIS WITH COMPUTER,3
MH3512,STOCHASTIC PROCESSES,4
MH3520,MATHEMATICS OF DEEP LEARNING,4
MH3600,TOPOLOGY & MANIFOLDS,4
MH3700,NUMERICAL ANALYSIS I,3
MH3701,BASIC OPTIMIZATION,4
MH3702,GEOMETRIC METHODS IN MATHEMATICAL PHYSICS,4
MH4100,REAL ANALYSIS II,4
MH4110,PARTIAL DIFFERENTIAL EQUATIONS,4
MH4200,ABSTRACT ALGEBRA II,4
MH4220,ALGEBRA III,4
MH4300,COMBINATORICS,4
MH4301,SET THEORY & LOGIC,4
MH4311,CRYPTOGRAPHY,4
MH4320,COMPUTATIONAL ECONOMICS,4
MH4500,TIME SERIES ANALYSIS,4
MH4501,MULTIVARIATE ANALYSIS,4
MH4510,STATISTICAL LEARNING & DATA MINING,4
MH4511,SAMPLING & SURVEY,4
MH4512,CLINICAL TRIALS,4
MH4513,SURVIVAL ANALYSIS,4
MH4514,FINANCIAL MATHEMATICS,4
MH4517,DATA APPLICATIONS IN NATURAL SCIENCES,4
MH4518,SIMULATION TECHNIQUES IN FINANCE,4
MH4519,FINANCIAL ECONOMETRICS,4
MH4520,HIGH DIMENSIONAL PROBABILITY,4
MH4521,REINFORCEMENT LEARNING,4
MH4522,SPATIAL DATA SCIENCE,4
MH4600,ALGEBRAIC TOPOLOGY,4
MH4601,DIFFERENTIAL GEOMETRY,4
MH4700,NUMERICAL ANALYSIS II,4
MH4701,MATHEMATICAL PROGRAMMING,4
MH4702,PROBABILISTIC METHODS IN OPERATIONS RESEARCH,4
MH4930,SPECIAL TOPICS IN MATHEMATICS,4
MH4932,SPECIAL TOPICS IN STATISTICS,4
MH5000,MATHEMATICAL PROBLEM-SOLVING,2
MH5100,ADVANCED INVESTIGATIONS IN CALCULUS I,1
MH5101,ADVANCED INVESTIGATIONS IN CALCULUS II,1
MH5200,ADVANCED INVESTIGATIONS IN LINEAR ALGEBRA I,1
MH5201,ADVANCED INVESTIGATIONS IN LINEAR ALGEBRA II,1
MH5301,MODERN CRYPTOGRAPHY: REAL-WORLD APPLICATIONS & IMPACT,3
ML0003,KICKSTART YOUR CAREER SUCCESS,1
ML0004,CAREER DESIGN & WORKPLACE READINESS IN THE V.U.C.A WORLD,2
MS0003,INTRODUCTION TO DATA SCIENCE & ARTIFICIAL INTELLIGENCE,3
MS1008,INTRODUCTION TO COMPUTATIONAL THINKING,3
MS1011,MATERIALS MATTER,1
MS1012,MATERIALS PHYSICS,3
MS1013,MATERIALS CHEMISTRY I,2
MS1014,MATERIALS CHEMISTRY II,2
MS1016,THERMODYNAMICS OF MATERIALS,3
MS1017,INTRODUCTION TO MATERIALS SCIENCE,2
MS1018,PROPERTIES OF MATERIALS,2
MS2012,INTRODUCTION TO MANUFACTURING PROCESSES,3
MS2013,INTRODUCTION TO POLYMER SCIENCE,3
MS2014,MATERIALS STRUCTURE & DEFECTS,3
MS2015,MECHANICAL BEHAVIOUR OF MATERIALS,3
MS2016,INTRODUCTION TO METALLURGY,2
MS2018,ELECTRONICS & MAGNETIC PROPERTIES OF MATERIALS,3
MS2083,LABORATORY ON STRUCTURE-PROPERTY RELATIONSHIP IN POLYMERS,1
MS2084,PHASE TRANSFORMATIONS & KINETICS IN STEELS,1
MS3011,METALS & CERAMICS,3
MS3012,MICRO/NANOELECTRONIC MATERIALS PROCESSING,3
MS3013,ELECTROCHEMICAL CORROSION,3
MS3014,ANALYSIS OF MATERIALS,3
MS3015,INDUSTRIAL DESIGN,4
MS3082,DESIGN LAB,1
MS4012,QUALITY CONTROL,3
MS4013,BIOMATERIALS,2
MS4014,NANOMATERIALS: FUNDAMENTALS & APPLICATIONS,2
MS4602,FUNDAMENTAL OF SEMICONDUCTOR DEVICES,2
MS4603,MICROELECTRONICS PROCESS INTEGRATION,3
MS4610,ADVANCED BIOMATERIALS,3
MS4611,BIOMEDICAL DEVICES,3
MS4612,DRUG DELIVERY & TISSUE ENGINEERING,3
MS4613,WEARABLE SENSORS FOR HEALTHCARE,3
MS4621,SELECTED TOPICS ON APPLIED POLYMER MATERIALS,2
MS4622,COMPOSITE MATERIALS,3
MS4630,PHOTOVOLTAIC DEVICES & ENERGY STORAGE,3
MS4631,CORROSION ENGINEERING,3
MS4640,ADVANCED ANALYSIS OF MATERIALS,3
MS4642,ADDITIVE MANUFACTURING OF MATERIALS,1
MS4650,FUNCTIONAL NANOSTRUCTURE MATERIALS,3
MS4651,THIN FILM TECHNOLOGY,3
MS4652,FAILURE ANALYSIS,3
MS4660,FUNDAMENTALS OF INTELLECTUAL PROPERTY IN MATLS SCI & ENG,3
MS4661,APPLICATN OF PATENTS & REGISTERED DESIGN IN ENG RELATED IND,3
MS4662,APPRECIATING IP IN RESEARCH & DEVELOPMENT,3
MS4663,ENGINEERING SOLUTIONS BY DESIGN THINKING,3
MS4664,ENVIRONMENTAL SUSTAINABILITY & MATERIALS,3
MS4665,"SUSTAINABLE DEVELOPMENT IN WATER, AGRICULTURE & AQUACULTURE",2
MS4666,ENVIRONMENTAL DEGRADATION OF PLASTICS,1
MS4667,INTRODUCTION TO SUSTAINABLE MATERIALS,2
MS4671,INTRODUCTION TO MATERIALS SIMULATION,3
MS4672,MACHINE LEARNING FOR MATERIALS DESIGN,2
MS4681,CARBON MARKETS: TOWARDS A LOW-CARBON FUTURE,2
MS4682,MATERIALS FOR HYDROGEN FUEL,1
MT0001,SHIPPING & THE ENVIRONMENT,4
MT0003,PROFESSIONALS & SOCIETY,2
MT1001,MATHEMATICS I FOR MARITIME STUDIES,3
MT1003,TRADE PRACTICE & INCOTERMS,3
MT1004,INTRODUCTION TO METEOROLOGY & OCEANOGRAPHY,3
MT2002,SHIPPING ECONOMICS,3
MT2003,MARITIME TECHNOLOGY,3
MT2004,MATHEMATICS II FOR MARITIME STUDIES,3
MT2005,PORT ECONOMICS,3
MT3001,MARITIME LAW,3
MT3002,INTRODUCTION TO MARINE INSURANCE,3
MT3003,ORGANISATION OF A SHIP OWNING ENTITY,3
MT3004,SHIPPING MANAGEMENT,3
MT3006,SHIP CHARTERING,3
MT4001,SHIPPING LOGISTICS,3
MT4002,ESSENTIALS OF PROJECT MANAGEMENT,3
MT4003,MARITIME STRATEGY,3
MT4008,CAPSTONE PROJECT IN MARITIME STUDIES,5
MT4101,INTERMODAL TRANSPORTATION,3
MT4102,DISTRIBUTION & WAREHOUSING,3
MT4103,PORT PLANNING & OPERATIONS,3
PH1011,PHYSICS,3
PH1012,PHYSICS A,4
PH1104,MECHANICS,3
PH1105,"OPTICS, VIBRATIONS & WAVES",3
PH1106,ELECTRICITY & MAGNETISM,3
PH1107,RELATIVITY & QUANTUM PHYSICS,3
PH1198,PHYSICS LABORATORY IA,2
PH1199,PHYSICS LABORATORY IB,2
PH2101,QUANTUM MECHANICS 1,3
PH2102,ELECTROMAGNETISM,4
PH2103,THERMAL PHYSICS,4
PH2104,ANALYTICAL MECHANICS,4
PH2198,PHYSICS LABORATORY IIA,2
PH2199,PHYSICS LAB IIB,2
PH2301,PHYSICAL OPTICS,3
PH2401,INTRODUCTORY ASTROPHYSICS,3
PH3101,QUANTUM MECHANICS II,4
PH3102,CONDENSED MATTER PHYSICS I,4
PH3103,TECHNOLOGICAL APPLICATIONS OF QUANTUM MECHANICS,3
PH3199,PHYSICS LAB IIIA,2
PH3201,STATISTICAL MECHANICS I,4
PH3301,INTRODUCTION TO BIOIMAGING & BIOSENSING TECHNIQUES,3
PH3302,NON-IONIZING MEDICAL IMAGING & PROCESSING,3
PH3303,BIOMECHANICS & EXERCISE PHYSIOLOGY,3
PH3403,ASTROPHYSICS & COSMOLOGY,3
PH3404,PHYSICS OF CLASSICAL & QUANTUM INFORMATION,3
PH3406,OPEN QUANTUM SYSTEMS,3
PH3407,INTRODUCTION TO PLASMA PHYSICS,3
PH3408,SIGNAL & NOISE IN BIOLOGY,3
PH3409,GEOMETRIC METHODS IN MATHEMATICAL PHYSICS,4
PH3410,QUANTUM HARDWARE,3
PH3411,MATERIALS FOR SUSTAINABLE ENERGY,3
PH3601,FABRICATION OF MICRO-& NANOELECTRONIC DEVICES,3
PH3602,PHOTONICS,4
PH3603,BIOPHYSICS,3
PH3605,MEDICAL PHYSICS FOR RADIOTHERAPY,3
PH3606,NMR SPECTROSCOPY: METHODS & APPLICATIONS,3
PH4404,NANOSCALE PHYSICS,3
PH4408,NUCLEAR PHYSICS,3
PH4411,INTRODUCTION TO EXPERIMENTAL PARTICLE PHYSICS,3
PH4414,INTRODUCTION TO SPINTRONICS,4
PH4418,PHYSICS IN THE INDUSTRY,4
PH4508,INTRODUCTION TO GENERAL RELATIVITY,3
PH4509,QUANTUM FIELD THEORY WITH APPL IN CONDENSED MATTER PHYSICS,4
PH4511,SEMINAR IN MATHEMATICAL PHYSICS,2
PH4601,PHYSICS OF SEMICONDUCTOR & DEVICES,3
PH4603,SOFT CONDENSED MATTER PHYSICS,3
PH4605,MEDICAL PHYSICS FOR RADIOTHERAPY,4
PH4610,IONISING RADIATION-BASED IMAGING,3
PH4611,MEDICAL PHYSICS BEAM MODELLING & DOSIMETRY,3
PS0001,INTRODUCTION TO COMPUTATIONAL THINKING,3
PS0002,INTRODUCTION TO DATA SCIENCE & ARTIFICIAL INTELLIGENCE,3
RE0003,COMMUNICATING AS A 21ST CENTURY ENGINEER,3
RE0011,WRITING ACROSS THE DISCIPLINES,3
RE1011,MATHEMATICS I,4
RE1012,MATHEMATICS II,4
RE1013,MATERIALS & MANUFACTURING,3
RE1014,ELECTRONIC & INFORMATION ENGINEERING,3
RE1015,BIO- & CHEMICAL ENGINEERING FUNDAMENTALS & APPLICATIONS,3
RE1016,ENGINEERING COMPUTATION,3
RE1017,INTRODUCTION TO ENGINEERING MECHANICS,3
RE1018,"INTRODUCTORY THERMAL SCIENCES, ELECTRICITY & MAGNETISM",3
RE1101,FUNDAMENTALS OF MANAGEMENT,3
RE1201,ACCOUNTING FOR MANAGERIAL DECISIONS,3
RE1202,FOUNDATIONS OF ENGINEERING LEADERSHIP,1
RE1401,FINANCIAL MANAGEMENT,3
RE1402,STRATEGIC MARKETING,3
RE2011,RENAISSANCE DESIGN I,4
RE2012,RENAISSANCE DESIGN II,3
RE6005,DIGITAL TRANSFORMATION,3
RE6012,THE LAW OF OBLIGATIONS & INTELLECTUAL PROPERTY,3
RE6013,GENERATIVE AI & WEB3 DECENTRALISED APPLICATIONS,3
RE6015,"ENTREPRENEURSHIP, STRATEGY & INNOVATION: REAL WORLD APPLCNS",6
RE6016,SYSTEM THINKING & HOLISTIC DECISION MAKING,3
RE6017,ETHICS & GOVERNANCE ISSUES IN TECHNOLOGY MANAGEMENT,3
RE6018,OPERATIONS & SUPPLY CHAINS,3
RE6019,ADVANCED TOPICS IN ENGINEERING LEADERSHIP,3
SC1003,INTRODUCTION TO COMPUTATIONAL THINKING & PROGRAMMING,3
SC1004,LINEAR ALGEBRA FOR COMPUTING,4
SC1005,DIGITAL LOGIC,3
SC1006,COMPUTER ORGANISATION & ARCHITECTURE,3
SC1007,DATA STRUCTURES & ALGORITHMS,3
SC1008,C & C++ PROGRAMMING,3
SC1013,PHYSICS FOR COMPUTING,2
SC1015,INTRODUCTION TO DATA SCIENCE & ARTIFICIAL INTELLIGENCE,3
SC1080,DECODE THE INDUSTRY: INSIGHTS & SKILLS FOR CAREER SUCCESS,1
SC1123,MATH 1: LINEAR ALGEBRA & CALCULUS FOR COMPUTING,2
SC1124,MATH 2: DISCRETE STRUCTURES FOR COMPUTING,2
SC1301,WRITING ACROSS THE DISCIPLINES,3
SC1302,ETHICS,3
SC1303,PROGRAMMING WITH DATA STRUCTURES & ALGORITHMS,4
SC1304,ARTIFICIAL INTELLIGENCE FOR SOCIAL GOOD,3
SC1305,LINEAR ALGEBRA,3
SC1315,ARTIFICIAL INTELLIGENCE,3
SC2000,PROBABILITY & STATISTICS FOR COMPUTING,3
SC2001,ALGORITHM DESIGN & ANALYSIS,3
SC2002,OBJECT ORIENTED DESIGN & PROGRAMMING,3
SC2005,OPERATING SYSTEMS,3
SC2006,SOFTWARE ENGINEERING,3
SC2008,COMPUTER NETWORK,3
SC2079,MULTIDISCIPLINARY DESIGN PROJECT,4
SC2103,DIGITAL SYSTEMS DESIGN,3
SC2104,"SENSORS, INTERFACING & DIGITAL CONTROL",3
SC2107,MICROPROCESSOR SYSTEM DESIGN & DEVELOPMENT,3
SC2203,"AUTOMATA, COMPUTABILITY & COMPLEXITY",3
SC2207,INTRODUCTION TO DATABASES,3
SC2300,MACHINE LEARNING,3
SC2301,ALGORITHM DESIGN & ANALYSIS,3
SC2302,OBJECT ORIENTED DESIGN & PROGRAMMING,3
SC2304,ETHICAL ARTIFICIAL INTELLIGENCE,3
SC2306,AI FOR SOCIETY,3
SC2320,DATA ANALYTICS & MINING,3
SC2500,PROBABILITY & STATISTICS,4
SC3000,ARTIFICIAL INTELLIGENCE,3
SC3010,COMPUTER SECURITY,3
SC3020,DATABASE SYSTEM PRINCIPLES,3
SC3021,DATA SCIENCE FUNDAMENTALS,3
SC3030,ADVANCED COMPUTER NETWORKS,3
SC3040,ADVANCED SOFTWARE ENGINEERING,3
SC3050,ADVANCED COMPUTER ARCHITECTURE,3
SC3060,COMPUTER GRAPHICS & VISUALISATION,3
SC3061,HUMAN COMPUTER INTERACTION,3
SC3099,CAPSTONE PROJECT,4
SC3102,"SIGNALS, SYSTEMS & TRANSFORMS",3
SC3103,EMBEDDED PROGRAMMING,3
SC3270,REASONING ABOUT PROGRAMS,3
SC4000,MACHINE LEARNING,3
SC4001,NEURAL NETWORK & DEEP LEARNING,3
SC4002,NATURAL LANGUAGE PROCESSING,3
SC4003,INTELLIGENT AGENTS,3
SC4010,APPLIED CRYPTOGRAPHY,3
SC4011,SECURITY MANAGEMENT,3
SC4012,SOFTWARE SECURITY,3
SC4013,APPLICATION SECURITY,3
SC4014,CONCEPTS & TECHNIQUES FOR MALWARE ANALYSIS,3
SC4015,CYBER PHYSICAL SYSTEM SECURITY,3
SC4016,CYBER THREAT INTELLIGENCE,3
SC4020,DATA ANALYTICS & MINING,3
SC4021,INFORMATION RETRIEVAL,3
SC4022,NETWORK SCIENCE,3
SC4023,BIG DATA MANAGEMENT,3
SC4024,DATA VISUALISATION,3
SC4030,WIRELESS & MOBILE NETWORKS,3
SC4031,INTERNET OF THINGS: COMMUNICATIONS & NETWORKING,3
SC4040,ADVANCED TOPICS IN ALGORITHMS,3
SC4050,PARALLEL COMPUTING,3
SC4051,DISTRIBUTED SYSTEMS,3
SC4052,CLOUD COMPUTING,3
SC4053,BLOCKCHAIN TECHNOLOGY,3
SC4054,SIMULATION  &  MODELLING,3
SC4060,VIRTUAL & AUGMENTED REALITY,3
SC4061,COMPUTER VISION,3
SC4062,GENERATIVE ARTIFICIAL INTELLIGENCE - ADVANCED TOPICS,3
SC4063,NETWORK SECURITY,3
SC4064,GPU PROGRAMMING,3
SC4090,APPLICATIONS OF DATA SCIENCE & AI IN ACCOUNTING,3
SC4172,INTERNET OF THINGS: TINY MACHINE LEARNING,3
SC4242,COMPILER TECHNIQUES,3
SC5001,INTRODUCTION TO COMPUTATIONAL THINKING & PROGRAMMING,3
SC5002,ARTIFICIAL INTELLIGENCE FUNDAMENTALS & APPLICATIONS,3
SC5005,"NATURAL LANGUAGE PROCESSING, LLMS, & APPLICATIONS",3
SC5008,DECODE THE INDUSTRY: INSIGHTS & SKILLS FOR CAREER SUCCESS,1
SC5010,INTRODUCTION TO DATA ANALYSIS,3
SC5401,MASTER CLASS 1 (TURING ON COMPUTABILITY & INTELLIGENCE),3
SC5404,INTRODUCTION TO PROGRAM SYNTHESIS,2
SP0001,WRITING & REASONING,3
SP0002,ETHICS SEMINAR,3
SP0007,FIELDWORK & DOCUMENTATION: TOPICS IN SUSTAINABILITY,3
SP0008,LIVING WELL,2
SP0024,POLITICAL EARTH,3
SP0026,SUPERHEROES & SUPERVILLAINS,3
SP0048,GLOBAL HISTORY THROUGH MASTERPIECES,3
SP0049,WATCHING MOVIES IN THE DIGITAL AGE,3
SP0050,DEEP HAPPINESS,3
SP0051,ASTRONOMY,3
SP0052,"MAKE PEACE, NOT WAR",3
SP0061,SCIENCE & TECHNOLOGY FOR HUMANITY,3
SP0069,INVISIBLE HEALTH COMMUNITIES,3
SP0070,THE CREATIVE CONUNDRUM: TO CONNECTING OR DISCONNECT,3
SP0075,BRANDING AS CULTURE: HOW BRANDS SHAPE OUR WORLD,3
SP0076,CULTURAL STUDIES: A COOL DIVE INTO THE HOT TOPICS OF CULTURE,3
SP0086,MONSTERS & TRAUMA - EXPLORING ASIAN HORROR ACROSS MEDIA,3
SS5003,INTRODUCTION TO PILATES MATWORK & HATHA YOGA,3
SS5101,BADMINTON,3
SS5102,TENNIS,3
SS5103,SQUASH,3
SS5104,BASKETBALL,3
SS5105,VOLLEYBALL,3
SS5106,NETBALL,3
SS5107,TABLE TENNIS,3
SS5202,SOCCER,3
SS5203,HOCKEY,3
SS5204,FLOORBALL,3
SS5205,RUGBY,3
SS5206,TCHOUKBALL,3
SS5303,INTRODUCTION TO HIP-HOP & ITS DANCES,3
SS5305,INTRODUCTION TO DANCES OF AMERICAN ORIGIN,3
SS5601,HUMAN ANATOMY & PHYSIOLOGY,3
SS5605,PSYCHOSOCIAL ASPECTS OF SPORT & EXERCISE,3
SS5606,FOUNDATIONS OF MOTOR BEHAVIOUR,3
SS5607,INTRODUCTION TO SPORT BIOMECHANICS,3
SS5608,SPORT COACHING: FOUNDATIONS OF COACHING,3
SS5611,PHYSICAL ACTIVITY IN LIFE COURSE WELLNESS,3
SS5612,FOUNDATIONS OF MOTOR BEHAVIOUR & LEARNING,3
SU2001,URBAN PLANNING & DESIGN,3
SU3001,INTEGRATED URBAN MANAGEMENT,3
SU4001,LEADERS IN URBAN SYSTEMS & POLICY,3
